Image Name,Test Vector,Nearest Vector,Nearest Distance,Nearest Label
000.png,[0.19764467 0.03403692 0.0701088  ... 0.15305787 0.13204992 0.05950399],[0.2791748  0.04677697 0.03080085 ... 0.01100652 0.10972627 0.07200856],1.980739612317753,1
000.png,[0.21264961 0.10498293 0.02142474 ... 0.17302133 0.15085125 0.0416463 ],[0.14591055 0.07941474 0.00096935 ... 0.15816638 0.09648396 0.06225415],1.9050030189549683,1
000.png,[0.3028534  0.03874123 0.02539717 ... 0.15227398 0.15590093 0.05071979],[0.23157279 0.02588076 0.00173446 ... 0.14613195 0.0843114  0.06514882],2.0968873890545043,1
000.png,[0.13678712 0.23417279 0.02953162 ... 0.1260882  0.14032191 0.04982822],[0.2643538  0.1340604  0.03505407 ... 0.18794641 0.14236715 0.04582944],1.781166774600398,1
000.png,[0.15744337 0.11339076 0.01712915 ... 0.15156384 0.15472832 0.04414835],[0.23651834 0.05870427 0.02205379 ... 0.1958873  0.10843424 0.04538549],1.7754552082716535,1
000.png,[0.2310665  0.0143504  0.02074649 ... 0.1543912  0.16680525 0.04495278],[0.16390035 0.02578645 0.         ... 0.17260472 0.08456416 0.05851331],1.949373214921287,1
000.png,[0.14471424 0.15593712 0.04403764 ... 0.11469795 0.14443915 0.05242506],[0.2643538  0.1340604  0.03505407 ... 0.18794641 0.14236715 0.04582944],1.8664019729576269,1
007.png,[0.03097428 0.12204351 0.00228831 ... 0.1590789  0.05559509 0.00783935],[0.17581452 0.08710539 0.01573932 ... 0.20188434 0.07060414 0.01372107],2.3751498010621463,2
007.png,[0.02181024 0.00139684 0.         ... 0.16214769 0.05304663 0.01144473],[0.12479708 0.01518515 0.02230672 ... 0.19788928 0.08451709 0.02036593],2.2034532206219555,2
007.png,[0.03920918 0.0742784  0.         ... 0.1619113  0.04127687 0.01020207],[0.20987807 0.02878327 0.00837231 ... 0.20579317 0.07671781 0.01644608],2.1528242708521867,2
007.png,[0.0510415  0.01146243 0.         ... 0.16556336 0.04030691 0.01434813],[0.19038373 0.02408764 0.01355916 ... 0.20818475 0.09726213 0.02283601],2.022271803582201,2
003.png,[0.04259657 0.26473954 0.03875617 ... 0.08996836 0.09767622 0.01291747],[0.05279238 0.19951554 0.01571211 ... 0.09900552 0.10460339 0.02524947],1.8857512984567517,2
003.png,[0.12023127 0.1134629  0.01875013 ... 0.11778045 0.12201189 0.01283622],[0.03918385 0.05635254 0.01872787 ... 0.12383854 0.08408786 0.02359052],1.9575210089032224,2
003.png,[0.04912043 0.41074055 0.06939064 ... 0.04458187 0.06723313 0.01276241],[0.06414202 0.27422374 0.03737439 ... 0.18230705 0.0361438  0.04453053],2.0366483910246047,2
003.png,[0.09034221 0.21326181 0.02164132 ... 0.07288232 0.07668479 0.01208163],[0.05279238 0.19951554 0.01571211 ... 0.09900552 0.10460339 0.02524947],2.034526219639832,2
003.png,[0.15602827 0.0116623  0.02083939 ... 0.09812502 0.10012119 0.01256621],[0.10630956 0.00471896 0.09504879 ... 0.1576453  0.04908466 0.04533821],1.9934768300403143,2
003.png,[0.17117244 0.0054664  0.04469294 ... 0.12030996 0.1375423  0.01421614],[0.08387704 0.02709387 0.09953286 ... 0.04046841 0.07672197 0.09809618],1.9140010167022754,2
003.png,[0.08057587 0.31544018 0.07487932 ... 0.0390647  0.06720835 0.01610706],[0.12936747 0.12485916 0.04414061 ... 0.08633851 0.11028503 0.0387229 ],2.0417018232008726,2
003.png,[0.10059892 0.13785644 0.0242413  ... 0.06396705 0.07477967 0.01433805],[0.10007682 0.1367003  0.03935898 ... 0.14668715 0.09042224 0.04269319],1.9920086895554325,2
003.png,[0.19284639 0.01978984 0.01171969 ... 0.08719982 0.09522612 0.01488391],[0.11048342 0.00471896 0.04435124 ... 0.1832203  0.02767709 0.04322797],1.9088659507607217,2
003.png,[0.18639709 0.01137094 0.02089042 ... 0.10876304 0.12854776 0.01774464],[0.15968272 0.11105347 0.07516211 ... 0.0770819  0.10623074 0.09012751],1.8184282009825723,2
003.png,[0.11626768 0.1040698  0.08135581 ... 0.06322252 0.09196083 0.01968674],[0.22492068 0.15909514 0.02705448 ... 0.12329279 0.10183302 0.07753331],1.895148343548995,2
003.png,[0.1567757  0.07573985 0.07175301 ... 0.08500486 0.10732673 0.01978933],[0.26405868 0.17516255 0.00599459 ... 0.10672211 0.10939384 0.08106546],1.7466376676749495,2
003.png,[0.12597099 0.1754442  0.15528548 ... 0.11183622 0.17748798 0.03604558],[0.19577682 0.12307265 0.08560203 ... 0.11218218 0.13692015 0.04203488],2.015283809259404,2
007.png,[0.23731866 0.04759732 0.13384469 ... 0.04680002 0.15359509 0.07422746],[0.10014722 0.04810521 0.05974183 ... 0.12099171 0.14168979 0.08940316],2.2346747635671367,3
007.png,[0.17727575 0.0199622  0.17170669 ... 0.03521663 0.12106682 0.07925947],[0.19479468 0.02349468 0.03825277 ... 0.10736734 0.03558217 0.09989748],1.9467937477312012,3
007.png,[0.20161334 0.02472573 0.12415276 ... 0.11431425 0.21938266 0.03997776],[0.11215584 0.03233806 0.06027104 ... 0.10484679 0.12853833 0.11989807],2.0009553379635543,3
007.png,[0.16947405 0.06443612 0.09628391 ... 0.13442975 0.2537909  0.04483867],[0.11215584 0.03233806 0.06027104 ... 0.10484679 0.12853833 0.11989807],2.1203393550190914,3
007.png,[0.10650997 0.30112985 0.04542987 ... 0.10247346 0.20497745 0.05020413],[0.19637804 0.21750098 0.03339768 ... 0.20260684 0.16153798 0.03451056],2.123906090201935,3
007.png,[0.18280762 0.180209   0.13939457 ... 0.07445121 0.19992626 0.06239414],[0.1901845  0.07286447 0.03064664 ... 0.10525505 0.15075822 0.10477887],2.2716238697429736,3
007.png,[0.16004178 0.0601045  0.29013544 ... 0.03801801 0.1346596  0.07696945],[0.15766397 0.12407646 0.07935219 ... 0.14673196 0.15649828 0.11269012],2.037491270716348,3
007.png,[0.22630379 0.09046784 0.12880889 ... 0.0968852  0.22710894 0.04371618],[0.10014722 0.04810521 0.05974183 ... 0.12099171 0.14168979 0.08940316],2.0612205025094377,3
007.png,[0.22311251 0.10730261 0.11076934 ... 0.10492591 0.24649802 0.04183786],[0.10014722 0.04810521 0.05974183 ... 0.12099171 0.14168979 0.08940316],1.9109631477658073,3
007.png,[0.19598658 0.09942186 0.18905392 ... 0.13896923 0.26514125 0.0440389 ],[0.11215584 0.03233806 0.06027104 ... 0.10484679 0.12853833 0.11989807],2.0051841514061444,3
007.png,[0.17758371 0.11367321 0.1111323  ... 0.1348167  0.2631616  0.04223758],[0.22614446 0.08801083 0.02632284 ... 0.05316713 0.21575686 0.07270365],2.094254342950191,3
007.png,[0.10898654 0.06238237 0.25262243 ... 0.03829115 0.14029554 0.07325841],[0.15766397 0.12407646 0.07935219 ... 0.14673196 0.15649828 0.11269012],2.088352598379814,3
007.png,[0.28263974 0.18129417 0.1166591  ... 0.08474387 0.22937977 0.04884102],[0.16824049 0.10051512 0.14255995 ... 0.12400629 0.14679924 0.07530575],2.1948888402571267,3
007.png,[0.28052682 0.15013632 0.18255022 ... 0.09517568 0.25041628 0.04456559],[0.16824049 0.10051512 0.14255995 ... 0.12400629 0.14679924 0.07530575],1.9842282564098015,3
007.png,[0.2555691  0.14789346 0.26417398 ... 0.1209484  0.25840944 0.04546129],[0.10014722 0.04810521 0.05974183 ... 0.12099171 0.14168979 0.08940316],1.9039933112613334,3
007.png,[0.27786407 0.11803105 0.27555814 ... 0.13494776 0.2666525  0.04449983],[0.1901845  0.07286447 0.03064664 ... 0.10525505 0.15075822 0.10477887],2.0672646435985254,3
007.png,[0.3226999  0.07505527 0.19736311 ... 0.13717376 0.27514538 0.04168123],[0.22614446 0.08801083 0.02632284 ... 0.05316713 0.21575686 0.07270365],2.0879263614540964,3
007.png,[0.21192044 0.22774553 0.15110357 ... 0.08250093 0.23103227 0.05347336],[0.28714895 0.26199606 0.14418522 ... 0.12299757 0.23395547 0.03931758],2.1099458617243076,3
007.png,[0.17090717 0.1268608  0.12163002 ... 0.05722418 0.19983006 0.06127866],[0.28664818 0.07529025 0.14945431 ... 0.15999976 0.17179611 0.05006977],2.1568732779474544,3
007.png,[0.07362252 0.07170781 0.14484668 ... 0.03716717 0.14806715 0.068284  ],[0.04258738 0.00784574 0.10397561 ... 0.02515379 0.11840384 0.12047151],2.077659187265457,3
007.png,[0.23548916 0.30191392 0.0237746  ... 0.07999961 0.18735649 0.06867547],[0.34870756 0.43179    0.12846157 ... 0.2126328  0.16440353 0.03157558],2.034993730015321,3
007.png,[0.28537312 0.2776756  0.0909839  ... 0.07789024 0.22619513 0.05535226],[0.42706633 0.1471703  0.08354317 ... 0.11219409 0.166104   0.03152889],2.1538359312774973,3
007.png,[0.28016683 0.15474412 0.14298138 ... 0.08921622 0.24828285 0.04855009],[0.26430604 0.09449741 0.15741277 ... 0.11010326 0.17145267 0.04990555],2.0124741562168906,3
007.png,[0.19693732 0.15724072 0.27652323 ... 0.11397759 0.25361955 0.04826894],[0.1725913  0.14226642 0.17844924 ... 0.12946728 0.12792413 0.05407499],1.8659170888038072,3
007.png,[0.28763676 0.10363388 0.14771143 ... 0.13083234 0.26755798 0.04148579],[0.3571735  0.09840716 0.01375415 ... 0.06644955 0.20597813 0.06437248],2.0703471260657484,3
007.png,[0.24031463 0.07314635 0.05986137 ... 0.13076617 0.26596656 0.03909472],[0.22614446 0.08801083 0.02632284 ... 0.05316713 0.21575686 0.07270365],1.9210993622003527,3
007.png,[0.2540112  0.2451483  0.05769053 ... 0.08102077 0.23714039 0.04624975],[0.39457422 0.15391697 0.01802297 ... 0.13516387 0.18198133 0.03951071],2.0972632348435676,3
007.png,[0.25758776 0.29177666 0.07044889 ... 0.07720724 0.21297203 0.05999881],[0.40859473 0.18855405 0.09402817 ... 0.00490515 0.27773255 0.09373532],1.9944578666233364,3
007.png,[0.24542601 0.18005972 0.11635938 ... 0.08888411 0.23558128 0.05111625],[0.13852803 0.14040658 0.16907012 ... 0.13445197 0.12608516 0.04609658],1.9179717496386943,3
007.png,[0.14917213 0.16019024 0.19632454 ... 0.11078165 0.2431896  0.04932164],[0.13852803 0.14040658 0.16907012 ... 0.13445197 0.12608516 0.04609658],1.780975203514827,3
007.png,[0.18191618 0.20737576 0.03997045 ... 0.05033238 0.20439996 0.05392517],[0.24061546 0.17706294 0.03997813 ... 0.05832741 0.16915174 0.05771931],1.9732173018041845,0
009.png,[0.25500524 0.14334679 0.06465834 ... 0.11825094 0.11472886 0.02080179],[0.03850786 0.26085722 0.02350304 ... 0.09966261 0.06065924 0.07720495],1.9202114037440867,1
009.png,[0.24853387 0.14495924 0.044147   ... 0.11508462 0.12339188 0.02514813],[0.02263831 0.10283092 0.04958132 ... 0.13587348 0.04677857 0.07574864],1.8867796290871623,1
009.png,[0.22274029 0.14641261 0.00049207 ... 0.12803796 0.11631757 0.025785  ],[0.26478493 0.09611105 0.04957528 ... 0.06920716 0.183595   0.02281411],1.9103095515186,1
009.png,[0.18511099 0.12312681 0.0381686  ... 0.11620766 0.12952001 0.03114564],[0.11077757 0.07046175 0.03009576 ... 0.17407858 0.06700069 0.06323466],1.9955526017630025,1
009.png,[0.20022103 0.12060121 0.00024604 ... 0.13427089 0.12853432 0.03445779],[0.26478493 0.09611105 0.04957528 ... 0.06920716 0.183595   0.02281411],1.951058833485375,1
009.png,[0.1919211  0.10048085 0.         ... 0.11171179 0.15086506 0.04040752],[0.11077757 0.07046175 0.03009576 ... 0.17407858 0.06700069 0.06323466],1.985045028597616,1
009.png,[0.133506   0.07914528 0.01434118 ... 0.09171181 0.1754647  0.04541509],[0.11077757 0.07046175 0.03009576 ... 0.17407858 0.06700069 0.06323466],1.7693439822697752,1
009.png,[0.1221894  0.11654274 0.00303433 ... 0.10047574 0.1642738  0.04655316],[0.20257692 0.13009644 0.0330724  ... 0.18318675 0.06194037 0.07223967],1.8997927915899986,1
009.png,[0.11629741 0.11999099 0.00279529 ... 0.08489356 0.19511482 0.04850817],[0.15485825 0.0735661  0.06406778 ... 0.22857454 0.05759383 0.06357499],1.8247705429255425,1
009.png,[0.20007694 0.08551073 0.0255271  ... 0.0655808  0.2149863  0.04810675],[0.12236001 0.04128157 0.05424943 ... 0.24783053 0.05813729 0.06038202],1.8356889150267852,1
009.png,[0.28189713 0.04564956 0.04372467 ... 0.04253746 0.22388823 0.0453489 ],[0.2791748  0.04677697 0.03080085 ... 0.01100652 0.10972627 0.07200856],1.8608928647659015,1
009.png,[0.25736272 0.15640427 0.         ... 0.06937142 0.201684   0.04379466],[0.15677266 0.17394944 0.01320612 ... 0.21313831 0.03758552 0.07274775],1.9157477012643185,1
009.png,[0.3801348  0.08070838 0.00598826 ... 0.04701648 0.21223956 0.04035211],[0.2791748  0.04677697 0.03080085 ... 0.01100652 0.10972627 0.07200856],1.9062112523350392,1
009.png,[0.34312657 0.07529839 0.03028052 ... 0.03199445 0.20803718 0.04075075],[0.2791748  0.04677697 0.03080085 ... 0.01100652 0.10972627 0.07200856],1.6719463091417661,1
013.png,[0.11203891 0.2735272  0.11561245 ... 0.14766306 0.14055334 0.0395871 ],[0.14494781 0.09808329 0.05154853 ... 0.16245346 0.14381686 0.04599842],2.0213584947599985,0
013.png,[0.11728523 0.09007531 0.07324462 ... 0.19609387 0.15840589 0.03980028],[0.10780555 0.08531312 0.06363344 ... 0.12517726 0.13581605 0.01904087],2.1192476057987815,2
013.png,[0.2675677  0.09704051 0.13708815 ... 0.18414304 0.14272507 0.03923345],[0.25287962 0.06563575 0.115151   ... 0.16434672 0.16715917 0.04586634],2.202318302183524,0
013.png,[0.1242286  0.28762093 0.16408013 ... 0.11582266 0.10407833 0.03018377],[0.09186384 0.18344937 0.20859309 ... 0.17002827 0.14546174 0.03726981],2.1353358018446333,1
013.png,[0.28926992 0.11853907 0.14127746 ... 0.133873   0.11942474 0.04794477],[0.19278663 0.20092607 0.13059302 ... 0.06077762 0.16294114 0.08050093],1.9912671252007437,0
013.png,[0.17077844 0.27344787 0.08190638 ... 0.08664329 0.07798862 0.02136523],[0.0449217  0.29768956 0.06516927 ... 0.10306918 0.03585258 0.05006542],2.0485329837797797,2
013.png,[0.12752114 0.2748248  0.09913385 ... 0.12690772 0.08829083 0.02618576],[0.08000247 0.20458359 0.06242291 ... 0.16553983 0.11460068 0.02325733],2.116516298385626,0
013.png,[0.10509881 0.22502658 0.11002938 ... 0.10297016 0.07033201 0.02016361],[0.0449217  0.29768956 0.06516927 ... 0.10306918 0.03585258 0.05006542],2.0375840504932494,2
013.png,[0.10318077 0.24374537 0.0968779  ... 0.1428264  0.08036229 0.02527348],[0.07060941 0.17324382 0.21343774 ... 0.1114086  0.05178089 0.04190403],2.075581299352132,0
013.png,[0.07969325 0.18300596 0.08142702 ... 0.1787439  0.08970594 0.02892298],[0.08000247 0.20458359 0.06242291 ... 0.16553983 0.11460068 0.02325733],2.1021821009385566,0
013.png,[0.08265033 0.1349131  0.07864799 ... 0.21072264 0.09836292 0.0311121 ],[0.10780555 0.08531312 0.06363344 ... 0.12517726 0.13581605 0.01904087],2.027883031887655,2
013.png,[0.14589359 0.06114081 0.06792529 ... 0.22578111 0.10607208 0.03180882],[0.10780555 0.08531312 0.06363344 ... 0.12517726 0.13581605 0.01904087],1.9976026230845116,2
013.png,[0.09722599 0.20954426 0.11177266 ... 0.1572399  0.07663541 0.0280763 ],[0.16803813 0.23851946 0.15937304 ... 0.16666245 0.14124762 0.02770895],2.030927270861577,0
013.png,[0.07833588 0.19543427 0.13488567 ... 0.17014815 0.07711019 0.03459422],[0.21842761 0.22978956 0.220327   ... 0.14559373 0.1576464  0.03518267],2.132248615411059,0
013.png,[0.05230225 0.11283529 0.1042839  ... 0.16401088 0.07592033 0.04124279],[0.2037074  0.15221846 0.15405591 ... 0.11800127 0.1787496  0.04655922],2.179036432824979,0
013.png,[0.08882029 0.17808083 0.01861442 ... 0.13427599 0.05185561 0.02927548],[0.14618012 0.10314506 0.02521009 ... 0.11367922 0.08499765 0.02547319],1.861050805913013,0
013.png,[0.07536136 0.10518497 0.01725396 ... 0.13310486 0.06078273 0.03619582],[0.2015249  0.23718503 0.08091592 ... 0.04466723 0.1687409  0.09646778],2.0221011613907076,0
013.png,[0.12439818 0.17098126 0.02015424 ... 0.13244349 0.04990578 0.03040323],[0.22297591 0.08114921 0.00549072 ... 0.12141387 0.10603208 0.02402885],1.8169618147174926,0
013.png,[0.03882356 0.17678681 0.         ... 0.13617969 0.04835278 0.03121864],[0.22297591 0.08114921 0.00549072 ... 0.12141387 0.10603208 0.02402885],1.9940421565170818,0
013.png,[0.23409872 0.13380137 0.01229335 ... 0.08941101 0.0711384  0.0311066 ],[0.16619931 0.2091369  0.08768867 ... 0.10652426 0.13159321 0.06478649],1.9758256184444911,1
013.png,[0.17097785 0.14487985 0.         ... 0.10700158 0.06382996 0.03176495],[0.22297591 0.08114921 0.00549072 ... 0.12141387 0.10603208 0.02402885],1.7725739826624625,0
013.png,[0.24433652 0.11633579 0.03946354 ... 0.05948463 0.09129468 0.03451993],[0.21549714 0.23050404 0.14680476 ... 0.08702732 0.13145614 0.07670122],1.727503734106907,1
013.png,[0.16861138 0.1714875  0.12031501 ... 0.03174626 0.09993076 0.04982281],[0.21549714 0.23050404 0.14680476 ... 0.08702732 0.13145614 0.07670122],1.883335774921172,1
013.png,[0.14304578 0.17538391 0.14670826 ... 0.02738767 0.09787139 0.05743295],[0.0596574  0.1772359  0.06118217 ... 0.04096382 0.10699315 0.07986549],1.8167245731454544,0
010.png,[0.07714088 0.184243   0.03030081 ... 0.10470023 0.05331107 0.10114279],[0.07382631 0.14848194 0.         ... 0.03638994 0.12900123 0.14085415],2.4586360771250173,0
010.png,[0.07229224 0.11861209 0.         ... 0.1275332  0.05762038 0.1027908 ],[0.09376597 0.12002171 0.00649303 ... 0.04398131 0.04884613 0.08928964],2.5027147502524536,0
010.png,[0.05200518 0.07379411 0.01160241 ... 0.14540619 0.05675241 0.0990881 ],[0.04056874 0.06670462 0.02115837 ... 0.0988619  0.06383298 0.05228154],2.3211287694008504,0
010.png,[0.12641768 0.20379786 0.05317713 ... 0.09935214 0.07304414 0.10685325],[0.21318986 0.08410872 0.02763804 ... 0.06648696 0.09599832 0.05065119],2.394102347410936,0
010.png,[0.13661453 0.17361245 0.02253698 ... 0.12316372 0.07702646 0.10658592],[0.14863922 0.11236146 0.02017769 ... 0.0434004  0.14809147 0.1706363 ],2.573010075703204,0
010.png,[0.06674545 0.12367809 0.00823346 ... 0.1434183  0.07790858 0.1077759 ],[0.09376597 0.12002171 0.00649303 ... 0.04398131 0.04884613 0.08928964],2.650512521927345,0
010.png,[0.03133923 0.114626   0.         ... 0.16005126 0.07306663 0.10455325],[0.09376597 0.12002171 0.00649303 ... 0.04398131 0.04884613 0.08928964],2.430225535142465,0
010.png,[0.00358269 0.12536484 0.         ... 0.17306264 0.06250061 0.09691795],[0.02353964 0.06072522 0.00178327 ... 0.07401405 0.06917612 0.07593489],2.2319754471288378,0
010.png,[0.05516654 0.09214826 0.         ... 0.16851573 0.05321285 0.09882747],[0.02353964 0.06072522 0.00178327 ... 0.07401405 0.06917612 0.07593489],2.0084871643116027,0
010.png,[0.08445953 0.06076321 0.00749787 ... 0.14641055 0.04520335 0.11028184],[0.02353964 0.06072522 0.00178327 ... 0.07401405 0.06917612 0.07593489],1.8353572205625401,0
010.png,[0.13839129 0.20869303 0.05153028 ... 0.07576269 0.08812259 0.12241306],[0.06330097 0.07506663 0.08851975 ... 0.15569922 0.11039221 0.04554502],2.1571654830716462,1
010.png,[0.2214709  0.16548994 0.03645595 ... 0.10453521 0.09668425 0.11735171],[0.21318986 0.08410872 0.02763804 ... 0.06648696 0.09599832 0.05065119],2.271545079600626,0
010.png,[0.19057044 0.15516281 0.05223987 ... 0.12719493 0.10071789 0.11339195],[0.21318986 0.08410872 0.02763804 ... 0.06648696 0.09599832 0.05065119],2.4213885469087453,0
010.png,[0.1527231  0.17981449 0.04400876 ... 0.14374188 0.10022351 0.11053381],[0.00972719 0.16810614 0.02480764 ... 0.06649751 0.06900081 0.09013552],2.398705137931323,0
010.png,[0.09062225 0.1928904  0.03223489 ... 0.15874013 0.09351831 0.10522655],[0.00972719 0.16810614 0.02480764 ... 0.06649751 0.06900081 0.09013552],2.2489696148876503,0
010.png,[0.04673862 0.1587182  0.03377427 ... 0.17218968 0.08060226 0.09747015],[0.02973441 0.08726928 0.00649303 ... 0.05294397 0.04932889 0.08319363],2.047973309602843,0
010.png,[0.08166886 0.08245599 0.00908984 ... 0.16706394 0.07006601 0.10136118],[0.06252147 0.04442645 0.00693884 ... 0.03919464 0.04632381 0.08290821],2.067142214066753,0
010.png,[0.12462175 0.03896984 0.00908984 ... 0.14336297 0.06190958 0.11689963],[0.0395894  0.09374291 0.         ... 0.07482146 0.09086931 0.0870777 ],1.925976061660275,0
010.png,[0.10399947 0.01156812 0.         ... 0.11927222 0.05415383 0.12796229],[0.05989882 0.04063423 0.01896755 ... 0.04976714 0.07950193 0.09422168],1.7400129703830116,0
010.png,[0.04735646 0.00892335 0.0159584  ... 0.09479176 0.04679877 0.13454916],[0.05989882 0.04063423 0.01896755 ... 0.04976714 0.07950193 0.09422168],1.605752131518976,0
010.png,[0.08811234 0.21225429 0.0576456  ... 0.05392416 0.08948199 0.13838156],[0.06330097 0.07506663 0.08851975 ... 0.15569922 0.11039221 0.04554502],2.1288190174334365,1
010.png,[0.18026441 0.12159085 0.02938741 ... 0.07215639 0.10691319 0.14210632],[0.13952394 0.12318235 0.00783372 ... 0.23187757 0.11406505 0.1697076 ],2.095791515497005,0
010.png,[0.22166869 0.0621346  0.0393071  ... 0.09801133 0.11850131 0.1319082 ],[0.17815375 0.10594197 0.01016265 ... 0.21468253 0.12280717 0.15818006],2.1022930345050588,0
010.png,[0.2503789  0.09944874 0.05390416 ... 0.11679383 0.1243853  0.12156094],[0.17815375 0.10594197 0.01016265 ... 0.21468253 0.12280717 0.15818006],2.1962664058289185,0
010.png,[0.16551925 0.1755252  0.0917473  ... 0.1285039  0.12456517 0.11106453],[0.06684732 0.18643548 0.05465002 ... 0.08207526 0.0943234  0.10453766],2.1544038486183927,0
010.png,[0.12211552 0.17349216 0.10013513 ... 0.14147274 0.11810744 0.10110799],[0.06204268 0.08012864 0.02358902 ... 0.06142118 0.05069794 0.07440458],2.01506243118958,0
010.png,[0.12005275 0.12327153 0.05632921 ... 0.15570037 0.10501208 0.09169133],[0.06204268 0.08012864 0.02358902 ... 0.06142118 0.05069794 0.07440458],1.9053971544500143,0
010.png,[0.13430741 0.08601336 0.02604832 ... 0.15227552 0.09413909 0.0963495 ],[0.06204268 0.08012864 0.02358902 ... 0.06142118 0.05069794 0.07440458],1.914588265328429,0
010.png,[0.1578299  0.05020239 0.01393076 ... 0.13119821 0.0854885  0.11508251],[0.09274199 0.05282381 0.01605011 ... 0.04646358 0.05348373 0.07696021],1.8433364988394163,0
010.png,[0.12846085 0.02657067 0.00484092 ... 0.11050075 0.07558981 0.13036995],[0.12352736 0.06040148 0.03018215 ... 0.03012285 0.07086424 0.08545263],1.899583464060094,0
010.png,[0.07396445 0.02311712 0.00458623 ... 0.09018312 0.06444301 0.14221181],[0.05989882 0.04063423 0.01896755 ... 0.04976714 0.07950193 0.09422168],1.676489794000357,0
010.png,[0.03721297 0.01854024 0.01869581 ... 0.06776246 0.05485393 0.14784804],[0.0640779  0.02134576 0.03572512 ... 0.03017372 0.06457895 0.09315619],1.4957790139347653,0
010.png,[0.05558071 0.03923038 0.0197396  ... 0.04323877 0.04682256 0.14727865],[0.0640779  0.02134576 0.03572512 ... 0.03017372 0.06457895 0.09315619],1.277864839287725,0
010.png,[0.13664001 0.18958583 0.05344087 ... 0.03970429 0.07875354 0.12852077],[0.13829625 0.11811638 0.00232893 ... 0.181923   0.11200464 0.1467452 ],2.1724069345785226,0
010.png,[0.18407105 0.11345751 0.04691618 ... 0.04854102 0.10344187 0.14657967],[0.13829625 0.11811638 0.00232893 ... 0.181923   0.11200464 0.1467452 ],1.989658901832645,0
010.png,[0.16917354 0.08017681 0.05731826 ... 0.06340618 0.12312038 0.14957288],[0.17815375 0.10594197 0.01016265 ... 0.21468253 0.12280717 0.15818006],1.9565355060053955,0
010.png,[0.197295   0.08758295 0.04900154 ... 0.08429977 0.13778906 0.13750036],[0.17815375 0.10594197 0.01016265 ... 0.21468253 0.12280717 0.15818006],1.860510829003697,0
010.png,[0.2010843  0.11345591 0.06781172 ... 0.09820174 0.14617088 0.12327598],[0.17815375 0.10594197 0.01016265 ... 0.21468253 0.12280717 0.15818006],2.0892640026595783,0
010.png,[0.15085106 0.13756205 0.1353006  ... 0.1051121  0.14826591 0.10689969],[0.05464995 0.12535751 0.02680621 ... 0.07499566 0.06250688 0.07778575],2.0884660320548623,0
010.png,[0.10717475 0.13337861 0.13235039 ... 0.11577758 0.14325894 0.09370501],[0.06204268 0.08012864 0.02358902 ... 0.06142118 0.05069794 0.07440458],1.9167740478350426,0
010.png,[0.16248427 0.0883531  0.08716891 ... 0.13019824 0.13114999 0.08369196],[0.06204268 0.08012864 0.02358902 ... 0.06142118 0.05069794 0.07440458],1.8411075484026678,0
010.png,[0.20068818 0.05289289 0.0228063  ... 0.12978163 0.12056085 0.08781299],[0.06204268 0.08012864 0.02358902 ... 0.06142118 0.05069794 0.07440458],1.884681748806385,0
010.png,[0.1823721  0.05290561 0.02516336 ... 0.11452785 0.11149153 0.1060681 ],[0.09274199 0.05282381 0.01605011 ... 0.04646358 0.05348373 0.07696021],1.7455470804233748,0
010.png,[0.1209154  0.03306735 0.01123261 ... 0.09967259 0.09971301 0.12302136],[0.09274199 0.05282381 0.01605011 ... 0.04646358 0.05348373 0.07696021],1.7191584261400141,0
010.png,[0.11988825 0.05178397 0.01097791 ... 0.08521588 0.08522528 0.13867278],[0.12352736 0.06040148 0.03018215 ... 0.03012285 0.07086424 0.08545263],1.6748038649711654,0
010.png,[0.10789722 0.08657862 0.01410957 ... 0.0668336  0.07275358 0.14857113],[0.13389745 0.01534199 0.0424431  ... 0.02815793 0.08880289 0.10465647],1.7101112556418068,0
010.png,[0.13257158 0.10090651 0.02363292 ... 0.04452575 0.0622979  0.1527163 ],[0.13389745 0.01534199 0.0424431  ... 0.02815793 0.08880289 0.10465647],1.5049463763792805,0
010.png,[0.07570093 0.27784383 0.04647133 ... 0.02721808 0.07327729 0.10582708],[0.12209748 0.08434199 0.07424369 ... 0.07581105 0.07663647 0.09848799],2.1265312691426113,0
010.png,[0.19054368 0.08513708 0.01572182 ... 0.03389389 0.09263694 0.12585056],[0.12209748 0.08434199 0.07424369 ... 0.07581105 0.07663647 0.09848799],1.978096408947335,0
010.png,[0.19013062 0.0627657  0.04583769 ... 0.03967651 0.11610729 0.14205351],[0.13829625 0.11811638 0.00232893 ... 0.181923   0.11200464 0.1467452 ],2.0273540793715505,0
010.png,[0.1458058  0.10344566 0.05388207 ... 0.04951206 0.13674413 0.14481273],[0.17815375 0.10594197 0.01016265 ... 0.21468253 0.12280717 0.15818006],1.838902381580178,0
010.png,[0.14510101 0.12296025 0.0591774  ... 0.06340053 0.15454747 0.13412824],[0.24352627 0.08300047 0.02360727 ... 0.18670553 0.13041076 0.14066157],1.8454608533683874,0
010.png,[0.15185308 0.07199432 0.06757856 ... 0.07141867 0.16607466 0.11853708],[0.1013713  0.06565189 0.15421572 ... 0.10479559 0.09194674 0.12789059],1.9712347809781885,0
010.png,[0.11863022 0.07630861 0.11094803 ... 0.07356647 0.17132574 0.09803929],[0.11240274 0.05716401 0.11712658 ... 0.15953274 0.12605405 0.05270507],1.9516948555430285,0
010.png,[0.09349729 0.08014988 0.12371562 ... 0.08165465 0.16897285 0.08301761],[0.19286287 0.03046619 0.17746085 ... 0.12781043 0.134913   0.06553768],1.878301638701119,0
010.png,[0.13533628 0.06793454 0.06726472 ... 0.09568322 0.15901601 0.07347207],[0.19286287 0.03046619 0.17746085 ... 0.12781043 0.134913   0.06553768],1.858896608970451,0
010.png,[0.18846434 0.02960736 0.01371646 ... 0.09958226 0.14933132 0.07575165],[0.19286287 0.03046619 0.17746085 ... 0.12781043 0.134913   0.06553768],1.8980927936565368,0
010.png,[0.21506634 0.03759873 0.01123261 ... 0.09335184 0.13991871 0.08985639],[0.26228952 0.12792346 0.02508809 ... 0.13807578 0.13830319 0.04406386],1.7927143435571151,0
010.png,[0.13822187 0.04017849 0.01762429 ... 0.08678775 0.12652346 0.10591654],[0.06778885 0.05483115 0.02991043 ... 0.11663157 0.13944611 0.05797912],1.655522267607676,0
010.png,[0.14432809 0.07465367 0.01108601 ... 0.07989001 0.10914558 0.12393208],[0.0941397  0.0529645  0.04711973 ... 0.03298466 0.07533287 0.07932849],1.655404981630804,0
010.png,[0.14908402 0.14685208 0.01421767 ... 0.06744028 0.09403372 0.13675255],[0.10730174 0.12146764 0.05063967 ... 0.02111274 0.08756178 0.0824519 ],1.622674059767644,0
010.png,[0.18024081 0.16895118 0.02142555 ... 0.04943851 0.0811879  0.14437793],[0.165952   0.10577562 0.00731282 ... 0.01562339 0.09401982 0.0789265 ],1.5797674381041853,0
010.png,[0.16503948 0.14437139 0.03157534 ... 0.03532175 0.07019249 0.13984253],[0.18688536 0.05592145 0.01674243 ... 0.01280408 0.09316856 0.07153881],1.506522173155679,0
010.png,[0.11063121 0.28196925 0.01117001 ... 0.02048375 0.0875184  0.10559015],[0.12209748 0.08434199 0.07424369 ... 0.07581105 0.07663647 0.09848799],2.095133194072234,0
010.png,[0.16144562 0.10472412 0.         ... 0.02513063 0.10471402 0.12617575],[0.12209748 0.08434199 0.07424369 ... 0.07581105 0.07663647 0.09848799],2.0488391839858755,0
010.png,[0.16132586 0.12893099 0.02333976 ... 0.02902667 0.12594388 0.14144693],[0.13883573 0.07480441 0.00741517 ... 0.1511424  0.12175891 0.13201365],1.9491337914471993,0
010.png,[0.1103363  0.13942826 0.05309821 ... 0.03547318 0.14617129 0.14457892],[0.17815375 0.10594197 0.01016265 ... 0.21468253 0.12280717 0.15818006],1.8717505355058173,0
010.png,[0.14339983 0.09962726 0.05306703 ... 0.04447016 0.16539623 0.13557169],[0.24352627 0.08300047 0.02360727 ... 0.18670553 0.13041076 0.14066157],1.9249954460559593,0
010.png,[0.19136642 0.0639864  0.05466221 ... 0.05010032 0.17920983 0.11851413],[0.12942855 0.14340365 0.10439261 ... 0.13647713 0.13505197 0.03379251],1.9639457676154013,0
010.png,[0.2364892  0.07203822 0.08300991 ... 0.05236366 0.18761212 0.09340625],[0.14494781 0.09808329 0.05154853 ... 0.16245346 0.14381686 0.04599842],1.8696831405346275,0
010.png,[0.1754322  0.08013488 0.0812829  ... 0.06041855 0.18794689 0.07553735],[0.14494781 0.09808329 0.05154853 ... 0.16245346 0.14381686 0.04599842],1.8383017240133466,0
010.png,[0.12823677 0.08007493 0.05852971 ... 0.074265   0.18021415 0.06490743],[0.2255935  0.04717233 0.05522955 ... 0.13407032 0.14939018 0.05813945],1.8664423368114476,0
010.png,[0.14591908 0.0455968  0.02344203 ... 0.08196656 0.1708905  0.06423581],[0.2255935  0.04717233 0.05522955 ... 0.13407032 0.14939018 0.05813945],1.8314807067362227,0
010.png,[0.19570735 0.0629016  0.0239859  ... 0.08352324 0.15997596 0.07352247],[0.26228952 0.12792346 0.02508809 ... 0.13807578 0.13830319 0.04406386],1.717129759776732,0
010.png,[0.18973835 0.0742684  0.01236205 ... 0.08273726 0.14476515 0.08708089],[0.13187549 0.07688084 0.0551153  ... 0.10799059 0.16482502 0.05952293],1.6159784269100625,0
010.png,[0.13322243 0.08988944 0.01394546 ... 0.07960865 0.1252581  0.10491106],[0.16105354 0.08082235 0.1408991  ... 0.06116258 0.17331998 0.08983394],1.5722246058826572,0
010.png,[0.12351027 0.15709007 0.0122481  ... 0.07031859 0.10928393 0.11897992],[0.11627026 0.09379339 0.06316061 ... 0.01976819 0.08782047 0.07438018],1.6547074460290514,0
010.png,[0.15872718 0.23267037 0.0119022  ... 0.0548671  0.09684263 0.12928744],[0.16425425 0.13293159 0.02333185 ... 0.01132114 0.10115886 0.07111649],1.56948288019694,0
010.png,[0.13997531 0.18053336 0.03104575 ... 0.04079341 0.08432197 0.12877811],[0.19266856 0.05148487 0.03532125 ... 0.00684078 0.10368131 0.06519601],1.5996751926932355,0
010.png,[0.04087529 0.4229954  0.01685202 ... 0.00826871 0.09173761 0.07818019],[0.26779902 0.15084918 0.06666273 ... 0.21520343 0.12449178 0.13376836],2.2896404441848768,0
010.png,[0.10391329 0.25096586 0.01685202 ... 0.01064026 0.1012468  0.10730305],[0.15686426 0.08708229 0.09533428 ... 0.04226999 0.08222859 0.09088458],2.0848029272148914,0
010.png,[0.1104755  0.17133814 0.00431867 ... 0.01341452 0.11498483 0.1294963 ],[0.13883573 0.07480441 0.00741517 ... 0.1511424  0.12175891 0.13201365],2.0514462465480117,0
010.png,[0.14634204 0.17125827 0.01115425 ... 0.01659151 0.13295166 0.14475994],[0.13883573 0.07480441 0.00741517 ... 0.1511424  0.12175891 0.13201365],1.8865275585034649,0
010.png,[0.16217345 0.10819831 0.03627811 ... 0.02128955 0.15140183 0.1488714 ],[0.24352627 0.08300047 0.02360727 ... 0.18670553 0.13041076 0.14066157],1.896814779532393,0
010.png,[0.1926561  0.05204318 0.06331775 ... 0.02750866 0.17033534 0.1418307 ],[0.12878819 0.15666005 0.13201664 ... 0.10722107 0.12335019 0.03310545],2.003738560797614,0
010.png,[0.283451   0.05325247 0.06176599 ... 0.03424669 0.18557641 0.12320708],[0.12868188 0.11776354 0.12578794 ... 0.12060157 0.14884958 0.03341387],1.9034033236949048,0
010.png,[0.34277934 0.10279329 0.07666504 ... 0.04150366 0.19712505 0.09300057],[0.2255935  0.04717233 0.05522955 ... 0.13407032 0.14939018 0.05813945],1.8288079519461653,0
010.png,[0.24520123 0.09467885 0.08406702 ... 0.0520693  0.20018102 0.07126424],[0.2255935  0.04717233 0.05522955 ... 0.13407032 0.14939018 0.05813945],1.7806378826683011,0
010.png,[0.12169014 0.08821484 0.10538304 ... 0.06594358 0.19474436 0.05799808],[0.2255935  0.04717233 0.05522955 ... 0.13407032 0.14939018 0.05813945],1.8237921765262506,0
010.png,[0.10105696 0.07605515 0.0984949  ... 0.07693449 0.18523845 0.05326544],[0.2255935  0.04717233 0.05522955 ... 0.13407032 0.14939018 0.05813945],1.7875533534187302,0
010.png,[0.16382623 0.09865604 0.06931315 ... 0.085042   0.17166327 0.05706631],[0.2255935  0.04717233 0.05522955 ... 0.13407032 0.14939018 0.05813945],1.6274702386930617,0
010.png,[0.21258804 0.07303962 0.04821112 ... 0.08752109 0.15443806 0.0665144 ],[0.26228952 0.12792346 0.02508809 ... 0.13807578 0.13830319 0.04406386],1.6361325290043736,0
010.png,[0.22229701 0.06723095 0.04362619 ... 0.08437177 0.13356283 0.08160972],[0.1076305  0.07577982 0.11785573 ... 0.0800816  0.18784305 0.07249295],1.592771076307183,0
010.png,[0.15396914 0.10298593 0.03835507 ... 0.07546856 0.11850419 0.09525322],[0.16105354 0.08082235 0.1408991  ... 0.06116258 0.17331998 0.08983394],1.5573357235780447,0
010.png,[0.13679607 0.17219436 0.02042757 ... 0.0608115  0.10926212 0.1074449 ],[0.17195937 0.07510489 0.04747501 ... 0.00904724 0.10501771 0.06632293],1.6076124805135883,0
010.png,[0.16939077 0.16066453 0.05343518 ... 0.04606377 0.09698189 0.11096161],[0.18416451 0.04947278 0.04682193 ... 0.0037733  0.10904475 0.06103538],1.6619989786148457,0
010.png,[0.20962822 0.06649536 0.08633129 ... 0.03122542 0.08166353 0.10580336],[0.18853915 0.01939222 0.07936767 ... 0.00303749 0.09917005 0.05427423],1.5565771446052836,0
010.png,[0.06313924 0.33293575 0.0409824  ... 0.00423098 0.10757977 0.07670825],[0.15686426 0.08708229 0.09533428 ... 0.04226999 0.08222859 0.09088458],2.1112914651241828,0
010.png,[0.1177797  0.17623568 0.02589586 ... 0.00473278 0.11536676 0.10398935],[0.15686426 0.08708229 0.09533428 ... 0.04226999 0.08222859 0.09088458],1.9572148306672212,0
010.png,[0.12159504 0.15490296 0.00904384 ... 0.00675002 0.12696679 0.12420358],[0.13883573 0.07480441 0.00741517 ... 0.1511424  0.12175891 0.13201365],1.943904887433117,0
010.png,[0.1648072  0.1591289  0.00629738 ... 0.01028268 0.14237985 0.13735098],[0.13883573 0.07480441 0.00741517 ... 0.1511424  0.12175891 0.13201365],1.8504758669444454,0
010.png,[0.18524265 0.10457127 0.02880979 ... 0.01515741 0.15936592 0.14101216],[0.1785171  0.08308205 0.13570482 ... 0.15914544 0.11567977 0.04294584],1.9054890059751624,0
010.png,[0.22689621 0.05609469 0.07344461 ... 0.0213742  0.1779251  0.13518715],[0.21010752 0.16068265 0.14702839 ... 0.09705926 0.13176237 0.03253793],1.9030549003680965,0
010.png,[0.30421275 0.09336869 0.07682736 ... 0.03125854 0.19456032 0.1168147 ],[0.12868188 0.11776354 0.12578794 ... 0.12060157 0.14884958 0.03341387],1.7891264414643402,0
010.png,[0.3522999  0.15125446 0.06512464 ... 0.04481042 0.20927161 0.08589485],[0.2255935  0.04717233 0.05522955 ... 0.13407032 0.14939018 0.05813945],1.7500402049903676,0
010.png,[0.2266725  0.11039858 0.09618973 ... 0.05831765 0.21506988 0.06372246],[0.2255935  0.04717233 0.05522955 ... 0.13407032 0.14939018 0.05813945],1.7620785151552905,0
010.png,[0.10003179 0.0898634  0.15856275 ... 0.07178023 0.2119551  0.05029751],[0.2255935  0.04717233 0.05522955 ... 0.13407032 0.14939018 0.05813945],1.896203024510994,0
010.png,[0.08611223 0.09076455 0.16055745 ... 0.08335826 0.20245942 0.0438019 ],[0.21987525 0.12384155 0.07016038 ... 0.1655768  0.17996821 0.03249894],1.841628245323079,0
010.png,[0.14039013 0.10549921 0.11856613 ... 0.09305173 0.18658285 0.04423562],[0.2255935  0.04717233 0.05522955 ... 0.13407032 0.14939018 0.05813945],1.6805810483222825,0
010.png,[0.21190941 0.07892001 0.10118096 ... 0.09439012 0.1664823  0.05040969],[0.2255935  0.04717233 0.05522955 ... 0.13407032 0.14939018 0.05813945],1.6877406957687295,0
010.png,[0.30561024 0.06087977 0.080956   ... 0.08737346 0.1421578  0.06232411],[0.14162958 0.06763049 0.11395899 ... 0.06514655 0.17764276 0.07644182],1.673303345020103,0
010.png,[0.23825473 0.07220192 0.04859305 ... 0.07664579 0.12439449 0.07484687],[0.14162958 0.06763049 0.11395899 ... 0.06514655 0.17764276 0.07644182],1.5787312407259142,0
010.png,[0.15403807 0.1115357  0.01899781 ... 0.06220712 0.11319233 0.08797802],[0.17195937 0.07510489 0.04747501 ... 0.00904724 0.10501771 0.06632293],1.7878270438464627,0
010.png,[0.20621786 0.12400639 0.04730416 ... 0.04714647 0.0991836  0.09583151],[0.18416451 0.04947278 0.04682193 ... 0.0037733  0.10904475 0.06103538],1.7282919873091642,0
010.png,[0.26509625 0.06863509 0.05790365 ... 0.03146383 0.08236828 0.0984074 ],[0.16044882 0.05159754 0.06909963 ... 0.09256817 0.1584418  0.05737961],1.6447628145269384,0
010.png,[0.06906936 0.19685681 0.03954341 ... 0.00297283 0.12188347 0.07527433],[0.15686426 0.08708229 0.09533428 ... 0.04226999 0.08222859 0.09088458],1.8436121604489677,0
010.png,[0.08601623 0.12584525 0.03001084 ... 0.00276133 0.1298783  0.095649  ],[0.15686426 0.08708229 0.09533428 ... 0.04226999 0.08222859 0.09088458],1.896538477433154,0
010.png,[0.12617007 0.12391723 0.0163094  ... 0.00513712 0.14065993 0.11029758],[0.19014893 0.11269871 0.00651605 ... 0.10726249 0.12889081 0.11318024],1.9281648952930668,0
010.png,[0.16944253 0.13511606 0.02201033 ... 0.0101002  0.15422843 0.11922005],[0.24352627 0.08300047 0.02360727 ... 0.18670553 0.13041076 0.14066157],1.8072459802558258,0
010.png,[0.16687818 0.08052091 0.04446483 ... 0.01707675 0.17006361 0.1210012 ],[0.1785171  0.08308205 0.13570482 ... 0.15914544 0.11567977 0.04294584],1.8552687385605249,0
010.png,[0.22130942 0.06449217 0.06375629 ... 0.02606679 0.18816552 0.11564102],[0.12868188 0.11776354 0.12578794 ... 0.12060157 0.14884958 0.03341387],1.8053669692961918,0
010.png,[0.2650255  0.135319   0.07135649 ... 0.04113585 0.20616159 0.09933698],[0.2255935  0.04717233 0.05522955 ... 0.13407032 0.14939018 0.05813945],1.7057781694164438,0
010.png,[0.2427455  0.15196432 0.07816254 ... 0.06228391 0.22405182 0.07208913],[0.2255935  0.04717233 0.05522955 ... 0.13407032 0.14939018 0.05813945],1.7313516744971982,0
010.png,[0.15296566 0.11369728 0.09895772 ... 0.0791636  0.23261341 0.05291205],[0.2255935  0.04717233 0.05522955 ... 0.13407032 0.14939018 0.05813945],1.7579766986671046,0
010.png,[0.13425568 0.07696748 0.13350889 ... 0.09177493 0.23184632 0.04180576],[0.26541817 0.09588704 0.06108955 ... 0.14007445 0.17267334 0.03969191],1.8721486227577995,0
010.png,[0.19526094 0.07095744 0.12860861 ... 0.10123786 0.22255345 0.03584522],[0.26541817 0.09588704 0.06108955 ... 0.14007445 0.17267334 0.03969191],1.8415345406651926,0
010.png,[0.2587692  0.10433713 0.1113693  ... 0.10755241 0.20473468 0.03503039],[0.35446373 0.05147388 0.09869861 ... 0.15478446 0.17276563 0.05013306],1.7008658379770922,0
010.png,[0.2684069  0.08504149 0.10547718 ... 0.10334435 0.18089789 0.03876673],[0.2255935  0.04717233 0.05522955 ... 0.13407032 0.14939018 0.05813945],1.6844196881192395,0
010.png,[0.29703438 0.06516282 0.08038709 ... 0.08861371 0.151043   0.0470542 ],[0.2512672  0.10855086 0.02052028 ... 0.11562519 0.17742613 0.04448748],1.7134597897711665,0
010.png,[0.22641495 0.05006482 0.07589508 ... 0.07385024 0.12695481 0.05776089],[0.14162958 0.06763049 0.11395899 ... 0.06514655 0.17764276 0.07644182],1.6494798503810943,0
010.png,[0.14175926 0.04929324 0.03099975 ... 0.05905396 0.10863331 0.07088677],[0.10423754 0.19506052 0.05838069 ... 0.06637198 0.1615908  0.08676549],1.8197491418564293,0
010.png,[0.13634345 0.04991811 0.05012462 ... 0.04404147 0.09092709 0.08338779],[0.14352053 0.01020511 0.06641553 ... 0.00360163 0.10925887 0.05905692],1.6572898124582585,0
010.png,[0.18747629 0.06530665 0.03230215 ... 0.02881276 0.07383615 0.09526395],[0.15694152 0.02562707 0.09940083 ... 0.00278589 0.09635461 0.05325529],1.5520997480574417,0
010.png,[0.05947571 0.03954033 0.02269139 ... 0.00197459 0.12285545 0.0786618 ],[0.15686426 0.08708229 0.09533428 ... 0.04226999 0.08222859 0.09088458],1.7489965174351398,0
010.png,[0.06266139 0.12291554 0.01214212 ... 0.00145276 0.13338397 0.0929364 ],[0.06421582 0.12008862 0.05837216 ... 0.15057757 0.19862556 0.03731578],1.9436666853738247,0
010.png,[0.1271048  0.17133813 0.03586489 ... 0.0044599  0.14608684 0.10312176],[0.07078667 0.06714576 0.06015419 ... 0.16885096 0.17145129 0.03964395],1.9127632672783703,0
010.png,[0.22038916 0.13696283 0.04998707 ... 0.010996   0.16096407 0.10921784],[0.18401039 0.17518884 0.01504306 ... 0.05008706 0.13348876 0.07127222],1.8100641507139745,0
010.png,[0.21609858 0.05841325 0.05925406 ... 0.02002852 0.1775313  0.10829132],[0.23085532 0.09611702 0.04962616 ... 0.06661253 0.11915167 0.08328602],1.785717616734286,0
010.png,[0.17276388 0.09920982 0.03082488 ... 0.03155746 0.1957885  0.10034219],[0.19653586 0.09743886 0.09562592 ... 0.14197311 0.17878279 0.04625043],1.6694983088734794,0
010.png,[0.18798567 0.1499973  0.03483503 ... 0.05087671 0.21331654 0.0848214 ],[0.19653586 0.09743886 0.09562592 ... 0.14197311 0.17878279 0.04625043],1.6943311295526529,0
010.png,[0.16229708 0.1866642  0.07336047 ... 0.07798627 0.23011538 0.06172892],[0.2255935  0.04717233 0.05522955 ... 0.13407032 0.14939018 0.05813945],1.764019936437032,0
010.png,[0.09197915 0.1300983  0.10637328 ... 0.09773462 0.23866867 0.04555272],[0.2255935  0.04717233 0.05522955 ... 0.13407032 0.14939018 0.05813945],1.8460616943190897,0
010.png,[0.14980131 0.1132177  0.08781335 ... 0.11012176 0.2389763  0.03629281],[0.26541817 0.09588704 0.06108955 ... 0.14007445 0.17267334 0.03969191],1.8626442991470413,0
010.png,[0.24539487 0.10757169 0.08777319 ... 0.1179104  0.23132928 0.03091531],[0.26541817 0.09588704 0.06108955 ... 0.14007445 0.17267334 0.03969191],1.7928999693297465,0
010.png,[0.2796179  0.10230851 0.06869591 ... 0.12110053 0.21572757 0.02942022],[0.31249458 0.09755872 0.07611564 ... 0.14836855 0.17630321 0.05008769],1.7762429972456886,0
010.png,[0.22395912 0.08272103 0.101358   ... 0.11275367 0.19289878 0.03113931],[0.21658933 0.11960115 0.05768286 ... 0.14509904 0.1777719  0.04573023],1.795590057549973,0
010.png,[0.16729309 0.07528456 0.08934946 ... 0.09286978 0.16284287 0.03607256],[0.2512672  0.10855086 0.02052028 ... 0.11562519 0.17742613 0.04448748],1.6953723995777337,0
010.png,[0.09728786 0.04453682 0.09522769 ... 0.07500093 0.13685423 0.04533067],[0.14162958 0.06763049 0.11395899 ... 0.06514655 0.17764276 0.07644182],1.7361025764778528,0
010.png,[0.07111312 0.02251155 0.0674308  ... 0.05914712 0.11493285 0.05891362],[0.10423754 0.19506052 0.05838069 ... 0.06637198 0.1615908  0.08676549],1.7300091722599864,0
010.png,[0.04796402 0.03125072 0.04885057 ... 0.04386068 0.09411482 0.07461691],[0.14352053 0.01020511 0.06641553 ... 0.00360163 0.10925887 0.05905692],1.5757437503899314,0
010.png,[0.07989009 0.04820035 0.01180377 ... 0.02914159 0.07440013 0.09244053],[0.14352053 0.01020511 0.06641553 ... 0.00360163 0.10925887 0.05905692],1.505112104227816,0
010.png,[0.09657619 0.04546042 0.0265724  ... 0.01883844 0.06430849 0.09858825],[0.15694152 0.02562707 0.09940083 ... 0.00278589 0.09635461 0.05325529],1.2931270279662772,0
010.png,[0.06216446 0.23993203 0.02511214 ... 0.00217748 0.09478539 0.07604091],[0.12336801 0.09928855 0.06534912 ... 0.02211502 0.09048088 0.08081661],2.122275033414292,0
010.png,[0.07078044 0.0124572  0.01109436 ... 0.00123626 0.11049573 0.08687065],[0.12336801 0.09928855 0.06534912 ... 0.02211502 0.09048088 0.08081661],1.9123668897519122,0
010.png,[0.05974406 0.1410803  0.00686256 ... 0.00080707 0.12588382 0.09585156],[0.06421582 0.12008862 0.05837216 ... 0.15057757 0.19862556 0.03731578],1.9634818769819817,0
010.png,[0.12128492 0.20587511 0.04859161 ... 0.00471835 0.14324751 0.10267614],[0.18401039 0.17518884 0.01504306 ... 0.05008706 0.13348876 0.07127222],1.8410829005987133,0
010.png,[0.27923757 0.15867895 0.08145864 ... 0.01297008 0.16258675 0.10734436],[0.23085532 0.09611702 0.04962616 ... 0.06661253 0.11915167 0.08328602],1.7477443743723176,0
010.png,[0.28412718 0.06548963 0.0556441  ... 0.02401271 0.18176894 0.10288252],[0.16143377 0.08811203 0.068427   ... 0.06368715 0.12009919 0.07468848],1.8228944337794062,0
010.png,[0.16994974 0.08768194 0.03764621 ... 0.03784622 0.20079404 0.08929065],[0.31249458 0.09755872 0.07611564 ... 0.14836855 0.17630321 0.05008769],1.6416384298770175,0
010.png,[0.13167958 0.15655999 0.09421021 ... 0.06048114 0.21602516 0.07326788],[0.31249458 0.09755872 0.07611564 ... 0.14836855 0.17630321 0.05008769],1.6367599806546453,0
010.png,[0.12466732 0.16856965 0.12617227 ... 0.0919175  0.22746234 0.05481423],[0.26860958 0.13808012 0.02123074 ... 0.11531956 0.2271454  0.03960456],1.7655689968533612,0
010.png,[0.10854946 0.17018342 0.14851992 ... 0.1140307  0.23323561 0.04164449],[0.34285244 0.13181247 0.03504011 ... 0.12367307 0.23891047 0.03927304],1.8376479660414091,0
010.png,[0.14348829 0.17693946 0.10750776 ... 0.12682074 0.23334506 0.03375866],[0.19653586 0.09743886 0.09562592 ... 0.14197311 0.17878279 0.04625043],1.8921786792292559,0
010.png,[0.19877273 0.15965511 0.05333345 ... 0.13337588 0.228787   0.0290122 ],[0.2109828  0.08349887 0.07117793 ... 0.17020029 0.16087562 0.04559169],1.8448437231941743,0
010.png,[0.21485554 0.09860674 0.03140834 ... 0.13369612 0.21956152 0.0274051 ],[0.21658933 0.11960115 0.05768286 ... 0.14509904 0.1777719  0.04573023],1.8831507332621376,0
010.png,[0.15887356 0.05942833 0.08240433 ... 0.12261806 0.202485   0.02752742],[0.16154191 0.10852812 0.00687924 ... 0.12821034 0.0846628  0.0518999 ],1.8237284140042882,0
010.png,[0.11651933 0.05305089 0.07754479 ... 0.10014166 0.17755742 0.02937917],[0.11075611 0.10403696 0.01158711 ... 0.12719733 0.09576201 0.05498135],1.8340021348790305,0
010.png,[0.08965518 0.04052433 0.08749735 ... 0.08009785 0.15409274 0.03755621],[0.2512672  0.10855086 0.02052028 ... 0.11562519 0.17742613 0.04448748],1.8684923849447541,0
010.png,[0.0479592  0.00942664 0.09644677 ... 0.06248658 0.13209096 0.05205853],[0.10423754 0.19506052 0.05838069 ... 0.06637198 0.1615908  0.08676549],1.6902749456036812,0
010.png,[0.03224346 0.03519389 0.0692706  ... 0.04660407 0.10874678 0.06951883],[0.09943159 0.00908264 0.05182931 ... 0.0028249  0.10427602 0.0657105 ],1.6324836333671464,0
010.png,[0.06757813 0.06805923 0.03413988 ... 0.03245033 0.0840602  0.08993712],[0.14352053 0.01020511 0.06641553 ... 0.00360163 0.10925887 0.05905692],1.5656740028398213,0
010.png,[0.10318911 0.07190826 0.02075991 ... 0.02168949 0.07043557 0.09868839],[0.15694152 0.02562707 0.09940083 ... 0.00278589 0.09635461 0.05325529],1.5151130334554235,0
010.png,[0.06248468 0.26787132 0.01268142 ... 0.00165317 0.08247364 0.08594809],[0.10932491 0.11557402 0.05753915 ... 0.01534612 0.10139333 0.06828407],2.09884601400683,0
010.png,[0.09972666 0.07429652 0.00144634 ... 0.00078589 0.09960241 0.09645763],[0.12336801 0.09928855 0.06534912 ... 0.02211502 0.09048088 0.08081661],2.0402180330219064,0
010.png,[0.06061216 0.14392251 0.02486231 ... 0.00047025 0.11931686 0.10039993],[0.1511986  0.10301655 0.01288552 ... 0.0451072  0.1193022  0.08887596],2.0580808471641796,0
010.png,[0.09233689 0.17996022 0.09113286 ... 0.00481523 0.14100172 0.10347265],[0.18401039 0.17518884 0.01504306 ... 0.05008706 0.13348876 0.07127222],1.928031271868287,0
010.png,[0.19225134 0.1761974  0.10468632 ... 0.01382082 0.164657   0.10567579],[0.16143377 0.08811203 0.068427   ... 0.06368715 0.12009919 0.07468848],1.7528473147182868,0
010.png,[0.23621553 0.0937607  0.06552621 ... 0.02628118 0.18648967 0.09748381],[0.3759188  0.07518499 0.05107793 ... 0.16167527 0.16264538 0.05148936],1.7364541341695854,0
010.png,[0.17812476 0.10342467 0.02668638 ... 0.04219629 0.20649977 0.07889672],[0.3759188  0.07518499 0.05107793 ... 0.16167527 0.16264538 0.05148936],1.639098707503138,0
010.png,[0.14675768 0.12560204 0.11495212 ... 0.06718099 0.21955691 0.06337618],[0.31249458 0.09755872 0.07611564 ... 0.14836855 0.17630321 0.05008769],1.6871932540192216,0
010.png,[0.16156738 0.1593789  0.15283763 ... 0.10123532 0.2256611  0.05092221],[0.17118241 0.09007339 0.15341748 ... 0.12277515 0.18644357 0.05322815],1.754088529954194,0
010.png,[0.15938067 0.17850956 0.1381504  ... 0.12577122 0.22669293 0.04207817],[0.34285244 0.13181247 0.03504011 ... 0.12367307 0.23891047 0.03927304],1.8358269898583042,0
010.png,[0.15827906 0.20742583 0.08619861 ... 0.1407887  0.22265238 0.03684405],[0.11308222 0.13754424 0.02108429 ... 0.07180279 0.08030404 0.06714559],1.8893838247729113,0
010.png,[0.12204316 0.17666614 0.06409434 ... 0.14726263 0.21849146 0.03386957],[0.11308222 0.13754424 0.02108429 ... 0.07180279 0.08030404 0.06714559],1.8173180372801583,0
010.png,[0.12034436 0.09520507 0.03988858 ... 0.14519303 0.21421012 0.03315471],[0.11308222 0.13754424 0.02108429 ... 0.07180279 0.08030404 0.06714559],1.8890271420535485,0
010.png,[0.21816865 0.06023597 0.04962794 ... 0.13216618 0.2029711  0.03235353],[0.11075611 0.10403696 0.01158711 ... 0.12719733 0.09576201 0.05498135],1.9092763637330952,0
010.png,[0.23472762 0.07021722 0.04357937 ... 0.10818215 0.18477437 0.03146602],[0.11075611 0.10403696 0.01158711 ... 0.12719733 0.09576201 0.05498135],1.924643766099816,0
010.png,[0.1763852  0.06513172 0.07899557 ... 0.0860012  0.16593441 0.03838434],[0.2512672  0.10855086 0.02052028 ... 0.11562519 0.17742613 0.04448748],1.9443108280825943,0
010.png,[0.08330512 0.05670071 0.08232401 ... 0.06562334 0.14645123 0.0531085 ],[0.15355775 0.06726125 0.05945925 ... 0.04968564 0.1646541  0.06651384],1.719467977907347,0
010.png,[0.04825348 0.1108328  0.08971362 ... 0.04851167 0.12276602 0.07144935],[0.19888657 0.09852882 0.04150645 ... 0.02517372 0.15899414 0.06297727],1.659355979308253,0
010.png,[0.09833411 0.15579547 0.03400937 ... 0.03466619 0.09487875 0.09340689],[0.07139327 0.13010839 0.07382158 ... 0.08797663 0.14066571 0.08413923],1.7171707071637496,0
010.png,[0.11244999 0.1110726  0.02458489 ... 0.02357115 0.07789093 0.10388154],[0.10106205 0.04056976 0.00664197 ... 0.00835076 0.12003567 0.03228323],1.6706569002276435,0
010.png,[0.12079491 0.0936304  0.00144634 ... 0.00062347 0.0901755  0.10742275],[0.10932491 0.11557402 0.05753915 ... 0.01534612 0.10139333 0.06828407],1.9444826695991377,0
010.png,[0.12955898 0.13091108 0.02486231 ... 0.0004423  0.11368309 0.10658154],[0.25199336 0.12899686 0.1062565  ... 0.02509866 0.16834135 0.05210041],1.843037731065446,0
010.png,[0.0861772  0.15398157 0.09364742 ... 0.00475054 0.1393495  0.10551135],[0.25199336 0.12899686 0.1062565  ... 0.02509866 0.16834135 0.05210041],1.886849515638169,0
010.png,[0.08466773 0.17462315 0.09874795 ... 0.01354822 0.16717474 0.10421217],[0.2109828  0.08349887 0.07117793 ... 0.17020029 0.16087562 0.04559169],1.7272316519982998,0
010.png,[0.12133222 0.1532536  0.05080538 ... 0.02683392 0.19169348 0.0920952 ],[0.28982863 0.11305547 0.04572254 ... 0.16967265 0.13966128 0.05170498],1.6780113761270044,0
010.png,[0.17430408 0.11277831 0.02614089 ... 0.04460767 0.21290569 0.06916041],[0.3759188  0.07518499 0.05107793 ... 0.16167527 0.16264538 0.05148936],1.746571374954612,0
010.png,[0.21460305 0.09734633 0.08256211 ... 0.07097626 0.22391176 0.0551463 ],[0.22140232 0.0728879  0.0927496  ... 0.12325916 0.21166535 0.0415637 ],1.7986908687028424,0
010.png,[0.20681614 0.13348368 0.1181711  ... 0.10593971 0.22471175 0.05005287],[0.22140232 0.0728879  0.0927496  ... 0.12325916 0.21166535 0.0415637 ],1.7533789131262882,0
010.png,[0.21086946 0.16295041 0.09686378 ... 0.13295618 0.21904057 0.04685376],[0.16422534 0.11278596 0.00951127 ... 0.10071419 0.08524033 0.05918157],1.8792239719785004,0
010.png,[0.18769768 0.15122828 0.07097284 ... 0.15202567 0.20689832 0.04554898],[0.11308222 0.13754424 0.02108429 ... 0.07180279 0.08030404 0.06714559],1.8303290726435815,0
010.png,[0.13626915 0.14630365 0.06070593 ... 0.15957071 0.2004426  0.04548742],[0.12103128 0.09419823 0.00687924 ... 0.07027246 0.0942847  0.07264298],1.7648148718229526,0
010.png,[0.15057173 0.10430153 0.03550688 ... 0.15559122 0.19967347 0.04666907],[0.11237061 0.0506916  0.0183091  ... 0.04444176 0.0909963  0.0843946 ],1.7950330512932855,0
010.png,[0.32570755 0.10170128 0.0031091  ... 0.14139807 0.19435719 0.04561763],[0.29103768 0.10620227 0.03461944 ... 0.10576577 0.14701992 0.04781445],1.992795659853526,0
010.png,[0.37675083 0.08830164 0.00122514 ... 0.11699124 0.18449374 0.0423331 ],[0.29103768 0.10620227 0.03461944 ... 0.10576577 0.14701992 0.04781445],2.085677657847713,0
010.png,[0.21849751 0.13237768 0.051112   ... 0.092711   0.17237924 0.04781506],[0.21087252 0.01936438 0.08166555 ... 0.09285191 0.18723911 0.03913681],2.036944727300351,0
010.png,[0.05781498 0.14083052 0.08948366 ... 0.0685574  0.15801369 0.06206351],[0.14527982 0.10641398 0.02123404 ... 0.05532738 0.15853332 0.05164674],1.7971678915755414,0
010.png,[0.07153608 0.27068222 0.07228622 ... 0.04958345 0.13617253 0.08040843],[0.21042967 0.14972569 0.02069464 ... 0.02906048 0.15416762 0.04692625],1.7978851599250587,0
010.png,[0.07737712 0.26108158 0.03455253 ... 0.03578918 0.10685578 0.10284981],[0.18864933 0.09455294 0.01840903 ... 0.0134016  0.14133507 0.04047174],1.8265093998618922,0
010.png,[0.06661959 0.16485542 0.02690414 ... 0.02448344 0.08667457 0.11416768],[0.10106205 0.04056976 0.00664197 ... 0.00835076 0.12003567 0.03228323],1.6505679047146915,0
010.png,[0.15286177 0.14612885 0.00665539 ... 0.00083231 0.08326812 0.11275417],[0.2981638  0.25226897 0.06371131 ... 0.00626966 0.17128275 0.06211259],1.7760498068267347,0
010.png,[0.18143481 0.11110067 0.04053175 ... 0.00057842 0.10920205 0.10982522],[0.28418463 0.23178582 0.04432409 ... 0.01374203 0.09607704 0.08402181],1.8181784034254214,0
010.png,[0.17465767 0.14958696 0.07408289 ... 0.00463144 0.13872164 0.10618377],[0.25199336 0.12899686 0.1062565  ... 0.02509866 0.16834135 0.05210041],1.7983469818138287,0
010.png,[0.0670303  0.20944047 0.09011985 ... 0.01299136 0.17182693 0.10182981],[0.07068442 0.17071594 0.04566802 ... 0.09281893 0.11663841 0.0766091 ],1.7919692580558466,0
010.png,[0.08993655 0.20626959 0.05463415 ... 0.02650943 0.19877273 0.08715515],[0.2109828  0.08349887 0.07117793 ... 0.17020029 0.16087562 0.04559169],1.7530120474029098,0
010.png,[0.14407653 0.12360318 0.04711488 ... 0.04518564 0.2195591  0.06215978],[0.31999746 0.08430507 0.02557376 ... 0.12389645 0.23376077 0.03983101],1.946036714264047,0
010.png,[0.24757144 0.08635366 0.05160972 ... 0.07217106 0.2275803  0.04938259],[0.31999746 0.08430507 0.02557376 ... 0.12389645 0.23376077 0.03983101],1.8662720776118613,0
010.png,[0.23349003 0.14059065 0.07015224 ... 0.10746571 0.22283632 0.04882357],[0.22140232 0.0728879  0.0927496  ... 0.12325916 0.21166535 0.0415637 ],1.8010474096983433,0
010.png,[0.16845055 0.14894915 0.09331795 ... 0.1369732  0.21028161 0.04935682],[0.25615352 0.12587014 0.06360486 ... 0.08210076 0.23016253 0.05505897],1.770896709488024,0
010.png,[0.13185084 0.10332328 0.12106907 ... 0.16069353 0.18991616 0.05098233],[0.12103128 0.09419823 0.00687924 ... 0.07027246 0.0942847  0.07264298],1.7792126564480613,0
010.png,[0.10168751 0.08852564 0.1202485  ... 0.17081162 0.18134421 0.05326325],[0.11237061 0.0506916  0.0183091  ... 0.04444176 0.0909963  0.0843946 ],1.6158498272515056,0
010.png,[0.13461384 0.11030598 0.08604661 ... 0.16732745 0.18456577 0.05619956],[0.11237061 0.0506916  0.0183091  ... 0.04444176 0.0909963  0.0843946 ],1.6141350732441555,0
010.png,[0.29413426 0.0822362  0.05842061 ... 0.15334716 0.18462667 0.05653773],[0.17382854 0.14242765 0.0671743  ... 0.09426344 0.11652059 0.05310456],1.9139737794673877,0
010.png,[0.31735224 0.11288898 0.05981915 ... 0.12887076 0.18152696 0.05427775],[0.17382854 0.14242765 0.0671743  ... 0.09426344 0.11652059 0.05310456],2.081817991591302,0
010.png,[0.18576255 0.19925633 0.09266326 ... 0.10233937 0.1762847  0.06001807],[0.14527982 0.10641398 0.02123404 ... 0.05532738 0.15853332 0.05164674],2.1173213875329178,0
010.png,[0.07392405 0.2737138  0.09328026 ... 0.07375303 0.16889985 0.07375871],[0.21042967 0.14972569 0.02069464 ... 0.02906048 0.15416762 0.04692625],2.0696530318897106,0
010.png,[0.1569308  0.3083338  0.06259859 ... 0.05186383 0.14873168 0.08992419],[0.24257866 0.14340736 0.03355924 ... 0.03337182 0.14265472 0.03992688],1.9653316879012541,0
010.png,[0.14041415 0.25554264 0.01333313 ... 0.03667179 0.11578014 0.10851454],[0.18158746 0.05980274 0.05092293 ... 0.01595658 0.13298981 0.0332095 ],1.797999991889719,0
010.png,[0.2469877  0.09291394 0.04629102 ... 0.00087863 0.10587372 0.11013098],[0.28418463 0.23178582 0.04432409 ... 0.01374203 0.09607704 0.08402181],1.8013386625953063,0
010.png,[0.20636976 0.2010337  0.05686106 ... 0.0044579  0.13911813 0.10548991],[0.19833064 0.22409776 0.01907808 ... 0.01322184 0.1221091  0.09340993],1.8335370963857034,0
010.png,[0.10577365 0.31686437 0.04514772 ... 0.01215024 0.17861354 0.0985287 ],[0.26607114 0.09264199 0.08560207 ... 0.04210993 0.15491375 0.05712853],1.9034527824419933,0
010.png,[0.09666586 0.28090137 0.03515267 ... 0.02530767 0.2077275  0.08266367],[0.25058752 0.07512709 0.04721431 ... 0.11673079 0.14175199 0.09238865],1.9933260797298729,0
010.png,[0.14474452 0.12417887 0.05813127 ... 0.04393019 0.22646004 0.05789482],[0.12942855 0.14340365 0.10439261 ... 0.13647713 0.13505197 0.03379251],1.9939441979427228,0
010.png,[0.2634796  0.06699779 0.08376569 ... 0.07076539 0.23056246 0.04608504],[0.19187975 0.1333209  0.07047492 ... 0.15592906 0.15392464 0.03359034],1.9009510163410053,0
010.png,[0.24093795 0.10371621 0.07504797 ... 0.10581329 0.22003484 0.04723432],[0.10793526 0.12106297 0.07157008 ... 0.06760883 0.12961692 0.07579991],1.8463614102377974,0
010.png,[0.13732055 0.11418785 0.11222477 ... 0.13782226 0.200416   0.04958735],[0.10793526 0.12106297 0.07157008 ... 0.06760883 0.12961692 0.07579991],1.7178327945628578,0
010.png,[0.0639807  0.09448083 0.15016586 ... 0.1667923  0.17170595 0.05314412],[0.1160197  0.10953964 0.02491763 ... 0.06975277 0.1108399  0.07372374],1.7544286651749992,0
010.png,[0.06903538 0.12031779 0.11818013 ... 0.18098544 0.16119629 0.05719706],[0.13927636 0.07457145 0.09047514 ... 0.04400228 0.10733098 0.08468801],1.6557770748274905,0
010.png,[0.12554805 0.12738097 0.10797679 ... 0.18040168 0.16888705 0.06174619],[0.13927636 0.07457145 0.09047514 ... 0.04400228 0.10733098 0.08468801],1.6575854392982676,0
010.png,[0.1879121  0.12668645 0.12416659 ... 0.16801344 0.17377964 0.06511384],[0.17382854 0.14242765 0.0671743  ... 0.09426344 0.11652059 0.05310456],1.9448436438505412,0
010.png,[0.16341056 0.13166854 0.12040126 ... 0.14382073 0.17587405 0.06729997],[0.19279885 0.16024056 0.04177188 ... 0.06863263 0.12081649 0.04817371],2.0573016196488445,0
010.png,[0.11156712 0.23321727 0.11413309 ... 0.11488631 0.17765075 0.07499338],[0.19279885 0.16024056 0.04177188 ... 0.06863263 0.12081649 0.04817371],2.2246415792220655,0
010.png,[0.14781427 0.22605473 0.07547005 ... 0.08121023 0.17910972 0.08819409],[0.02983825 0.10869668 0.03663719 ... 0.07209927 0.16163534 0.06687024],2.1546464814189843,0
010.png,[0.24686454 0.21950951 0.0503621  ... 0.0553528  0.16044343 0.09999665],[0.22503045 0.14251564 0.04879785 ... 0.03810777 0.12445542 0.04197915],1.9858495629367423,0
010.png,[0.25915933 0.16650541 0.01006368 ... 0.03731405 0.12165184 0.11040109],[0.16378835 0.0595451  0.09157544 ... 0.01883072 0.12010469 0.03391775],1.864833017765,0
010.png,[0.28648818 0.2624436  0.04047631 ... 0.00438155 0.13883851 0.10750693],[0.19833064 0.22409776 0.01907808 ... 0.01322184 0.1221091  0.09340993],1.7660154271333952,0
010.png,[0.1434248  0.3773868  0.0734256  ... 0.01125934 0.17972592 0.0989155 ],[0.25199336 0.12899686 0.1062565  ... 0.02509866 0.16834135 0.05210041],1.9280153156920214,0
010.png,[0.12033564 0.2701831  0.09901468 ... 0.02409613 0.20913456 0.08248936],[0.1259825  0.12796041 0.13956067 ... 0.14998475 0.10376769 0.06173936],2.0051967599328084,0
010.png,[0.14385164 0.08680143 0.14565285 ... 0.04289193 0.22706448 0.05822852],[0.12868188 0.11776354 0.12578794 ... 0.12060157 0.14884958 0.03341387],1.9873563634166793,0
010.png,[0.22077107 0.0410478  0.14617145 ... 0.06945238 0.23152581 0.04678595],[0.12942855 0.14340365 0.10439261 ... 0.13647713 0.13505197 0.03379251],1.958860231656521,0
010.png,[0.20711322 0.0376922  0.16334257 ... 0.10377747 0.2225186  0.04816164],[0.07157758 0.117466   0.11525981 ... 0.06384061 0.15061572 0.07887147],1.8665787546339339,0
010.png,[0.11645679 0.06514487 0.14006712 ... 0.13701513 0.20337164 0.05094139],[0.07157758 0.117466   0.11525981 ... 0.06384061 0.15061572 0.07887147],1.805714245148568,0
010.png,[0.03809601 0.12063611 0.12646933 ... 0.16916537 0.17408498 0.05512517],[0.12059821 0.07488236 0.13500133 ... 0.0439138  0.12801963 0.08488254],1.7586538375213614,0
010.png,[0.04906592 0.15828209 0.07470206 ... 0.18501668 0.16183358 0.06018769],[0.12059821 0.07488236 0.13500133 ... 0.0439138  0.12801963 0.08488254],1.819935550483645,0
010.png,[0.09817965 0.17308563 0.07813932 ... 0.18456909 0.16661748 0.06612892],[0.17382854 0.14242765 0.0671743  ... 0.09426344 0.11652059 0.05310456],2.0110935622836656,0
010.png,[0.11060478 0.16146776 0.12881869 ... 0.17178851 0.16883367 0.07217151],[0.19279885 0.16024056 0.04177188 ... 0.06863263 0.12081649 0.04817371],2.051329967105116,0
010.png,[0.1125271  0.14593512 0.12932062 ... 0.146675   0.16848207 0.07831544],[0.19279885 0.16024056 0.04177188 ... 0.06863263 0.12081649 0.04817371],2.1935042698830305,0
010.png,[0.12424969 0.14333118 0.09297092 ... 0.11563858 0.17009108 0.08917676],[0.05608119 0.00514593 0.01230681 ... 0.08863968 0.13949104 0.03758776],2.1811672646117906,0
010.png,[0.21373633 0.14199778 0.05459432 ... 0.07867926 0.17366062 0.10475546],[0.2015249  0.23718503 0.08091592 ... 0.04466723 0.1687409  0.09646778],2.132824914411592,0
010.png,[0.3113924  0.1535337  0.0282202  ... 0.05103489 0.1562054  0.11439022],[0.3737356  0.08075012 0.01420504 ... 0.07491613 0.06102118 0.05106133],2.0782806073503797,0
010.png,[0.22544712 0.12347068 0.0328366  ... 0.03270544 0.11772537 0.11808109],[0.04002789 0.06384283 0.02530667 ... 0.02575964 0.09937536 0.04790393],1.9622339340524806,0
010.png,[0.32101154 0.25260305 0.02726817 ... 0.00440238 0.13788274 0.11223479],[0.23704767 0.16697314 0.02182203 ... 0.01195173 0.14494649 0.108311  ],1.8373088517109912,0
010.png,[0.214805   0.28009582 0.0846617  ... 0.01031864 0.17516406 0.10299021],[0.23206943 0.11542066 0.1259547  ... 0.02363481 0.11012122 0.0706266 ],1.9668020564002513,0
010.png,[0.11506625 0.17448905 0.17970367 ... 0.0228748  0.20299396 0.08663225],[0.1259825  0.12796041 0.13956067 ... 0.14998475 0.10376769 0.06173936],1.9745699501560865,0
010.png,[0.10996864 0.05047796 0.22301114 ... 0.04207085 0.22137247 0.0631609 ],[0.1882338  0.09468798 0.02070916 ... 0.04102091 0.17717916 0.08309001],1.9986843909171677,0
010.png,[0.17917183 0.01464534 0.18713847 ... 0.06823201 0.23047036 0.05148532],[0.12868188 0.11776354 0.12578794 ... 0.12060157 0.14884958 0.03341387],2.000605922080421,0
010.png,[0.13059184 0.01690297 0.17291078 ... 0.10135825 0.23028758 0.05160554],[0.07157758 0.117466   0.11525981 ... 0.06384061 0.15061572 0.07887147],2.0633050377567526,0
010.png,[0.07254887 0.06537499 0.14597958 ... 0.13455181 0.21914858 0.05341893],[0.1008659  0.12267406 0.11585578 ... 0.04417633 0.15306227 0.08497824],1.9607344589933058,0
010.png,[0.03938559 0.12194961 0.0643714  ... 0.16781272 0.19705331 0.05692551],[0.1008659  0.12267406 0.11585578 ... 0.04417633 0.15306227 0.08497824],1.9342561994999483,0
010.png,[0.04739749 0.1926017  0.01379773 ... 0.18290533 0.18325613 0.06223511],[0.1168864  0.12089095 0.0329345  ... 0.15265305 0.06699347 0.04226805],2.1446394006522924,0
010.png,[0.12997672 0.2069006  0.02331542 ... 0.17982967 0.17775711 0.06934772],[0.07695794 0.13191685 0.01568922 ... 0.12962213 0.09789285 0.06248409],2.1568774959987165,0
010.png,[0.15039605 0.16999532 0.05315629 ... 0.1646724  0.16978873 0.07771075],[0.22276548 0.2261073  0.0630703  ... 0.0615197  0.15455638 0.09216936],2.1991189049819853,0
010.png,[0.18456738 0.10121679 0.06139329 ... 0.1374336  0.15935102 0.08732416],[0.2015249  0.23718503 0.08091592 ... 0.04466723 0.1687409  0.09646778],2.2696364443184427,0
010.png,[0.21092996 0.05365251 0.0470499  ... 0.10459618 0.15360561 0.10256819],[0.2816046  0.05318284 0.00925185 ... 0.09595597 0.06364122 0.04483366],2.289562023677126,0
010.png,[0.25572264 0.1312937  0.09346574 ... 0.00887737 0.16118747 0.10149278],[0.15732387 0.09910643 0.11205775 ... 0.01498827 0.09330459 0.07471832],1.8984086302404004,0
010.png,[0.15050477 0.06770106 0.17979527 ... 0.02080267 0.18790802 0.08678655],[0.09998775 0.04876336 0.079624   ... 0.1555034  0.10856372 0.05394985],1.9751179727853434,0
010.png,[0.13842705 0.00450374 0.21352479 ... 0.03990171 0.20848027 0.0653929 ],[0.22802463 0.07407902 0.06297119 ... 0.00982556 0.1090932  0.08033256],2.017143642843378,0
010.png,[0.1308454  0.00450374 0.18097314 ... 0.06499337 0.22272465 0.05365899],[0.12666735 0.05672275 0.00662967 ... 0.03481764 0.15263107 0.08463354],2.014010049429442,0
010.png,[0.1200843  0.01152165 0.13204917 ... 0.09607765 0.23064125 0.05158484],[0.08279963 0.02149884 0.         ... 0.05019014 0.15833852 0.08069479],2.0709644089079164,0
010.png,[0.08341814 0.0606067  0.09480347 ... 0.12690529 0.22851592 0.05117143],[0.05622029 0.0064232  0.01163062 ... 0.04911847 0.13954827 0.08024794],2.1115153151667494,0
010.png,[0.10634144 0.09139962 0.05297389 ... 0.15747629 0.21634865 0.05241877],[0.06502163 0.01663819 0.03421552 ... 0.12438919 0.14038166 0.02768276],2.1128233881201894,0
010.png,[0.11316844 0.13514543 0.         ... 0.16989045 0.20383854 0.05697287],[0.06502163 0.01663819 0.03421552 ... 0.12438919 0.14038166 0.02768276],2.22653205158403,0
010.png,[0.16242713 0.15660377 0.00122414 ... 0.16414787 0.19098562 0.06483373],[0.13088678 0.11988223 0.0356117  ... 0.16371544 0.05941347 0.0316954 ],2.2269792650704274,0
010.png,[0.20396955 0.11988247 0.01025327 ... 0.14732182 0.17465964 0.07533543],[0.16609323 0.12604259 0.03275631 ... 0.1574971  0.0794781  0.03364004],2.2211349410175334,0
010.png,[0.20572394 0.06634909 0.09632749 ... 0.01787974 0.16387685 0.08295229],[0.11107856 0.03309609 0.0283665  ... 0.01047766 0.07916079 0.06492816],1.82970931703918,0
010.png,[0.21880075 0.05278196 0.09473137 ... 0.0363845  0.18838784 0.06492454],[0.1624342  0.03118223 0.0257022  ... 0.01232262 0.08351402 0.07269934],1.867252956973308,0
010.png,[0.23048057 0.06051876 0.07019949 ... 0.05973648 0.20828879 0.05330695],[0.2642722  0.05246206 0.03262999 ... 0.14796834 0.16292703 0.02800781],1.9264431656105512,0
010.png,[0.1927055  0.0703952  0.05270668 ... 0.08793569 0.22357962 0.04809955],[0.11315467 0.04860193 0.03959018 ... 0.01956525 0.10602286 0.04648421],2.0441779262719177,0
010.png,[0.21349964 0.07694349 0.02371067 ... 0.11407554 0.2314737  0.04419889],[0.11315467 0.04860193 0.03959018 ... 0.01956525 0.10602286 0.04648421],2.0856501105154455,0
010.png,[0.23742047 0.07678507 0.01600831 ... 0.13815606 0.23197106 0.04160497],[0.11315467 0.04860193 0.03959018 ... 0.01956525 0.10602286 0.04648421],2.1222047752331945,0
010.png,[0.24155943 0.09547959 0.0111091  ... 0.14597207 0.22358084 0.04440099],[0.17389111 0.03541114 0.05837783 ... 0.12121808 0.15541953 0.03612451],2.1411990652960164,0
010.png,[0.29036623 0.0951953  0.04256436 ... 0.13752365 0.20630306 0.05258693],[0.14615372 0.11563188 0.0428769  ... 0.14080074 0.09715769 0.03310833],2.127852086655086,0
008.png,[0.19037403 0.05916461 0.07048061 ... 0.03274358 0.08289529 0.03446452],[0.07596374 0.20906189 0.04474425 ... 0.0819938  0.18165365 0.02556156],2.0896528474360703,2
008.png,[0.13566974 0.01158801 0.05084163 ... 0.03266995 0.10290104 0.03339089],[0.06401489 0.0802424  0.05153751 ... 0.10212365 0.1397081  0.02642026],2.011692642870422,2
008.png,[0.22035336 0.06385047 0.06273723 ... 0.04397107 0.09435974 0.01998238],[0.10715058 0.14953084 0.10008691 ... 0.11527625 0.09917977 0.02803556],2.1362604838562436,2
008.png,[0.16893119 0.00071072 0.086445   ... 0.04294342 0.11230436 0.01939239],[0.10001926 0.03309242 0.0963907  ... 0.13114747 0.07821009 0.02633084],2.136554050522382,2
008.png,[0.13789277 0.07089366 0.09523266 ... 0.05263313 0.11264376 0.01612365],[0.12936747 0.12485916 0.04414061 ... 0.08633851 0.11028503 0.0387229 ],1.998077684653138,2
008.png,[0.12407647 0.00071072 0.09338303 ... 0.05196267 0.1241     0.01555482],[0.07773072 0.01016713 0.04007695 ... 0.1434994  0.04043752 0.05079572],2.2162974068090473,2
013.png,[0.14793874 0.29535106 0.11697161 ... 0.12287574 0.11735775 0.07223906],[0.11453002 0.242756   0.06585669 ... 0.05668421 0.07198454 0.0106084 ],1.934291981172276,2
013.png,[0.14126705 0.24158183 0.03042601 ... 0.14149393 0.10462031 0.0798318 ],[0.11453002 0.242756   0.06585669 ... 0.05668421 0.07198454 0.0106084 ],2.0592938197595685,2
013.png,[0.09983802 0.33619386 0.00882328 ... 0.16556531 0.09057993 0.08122616],[0.10495287 0.19798514 0.         ... 0.07643944 0.05478695 0.02321356],2.2276373705170935,2
013.png,[0.08270583 0.22552383 0.02421628 ... 0.17843612 0.09076261 0.08377294],[0.07281324 0.1323488  0.06222934 ... 0.04355484 0.07667815 0.08900573],2.2232023087169788,2
013.png,[0.0374886  0.12118363 0.05459783 ... 0.17632815 0.10509031 0.08027443],[0.17964663 0.06360701 0.03826372 ... 0.03004744 0.13928117 0.02083636],2.093051869303314,2
013.png,[0.11745609 0.38547903 0.         ... 0.18018375 0.07362016 0.08050083],[0.11499149 0.3204584  0.0479476  ... 0.05564136 0.0537634  0.06253771],2.1729568971979045,2
013.png,[0.08888061 0.19412513 0.01886876 ... 0.19572228 0.07601731 0.08221371],[0.02353953 0.33449966 0.04595931 ... 0.07357622 0.06769504 0.09464136],2.0391696578080842,2
013.png,[0.07177895 0.1665758  0.01886876 ... 0.19369549 0.0959163  0.07824464],[0.04718572 0.07244231 0.06770097 ... 0.05543656 0.06964178 0.10026187],2.001921930105696,2
013.png,[0.05452738 0.15289026 0.01886876 ... 0.1803605  0.11856073 0.0673674 ],[0.1457044  0.15406507 0.0840266  ... 0.15143912 0.09799373 0.09164554],2.12453775299393,2
013.png,[0.09082317 0.11570214 0.         ... 0.15571731 0.1439506  0.04958197],[0.07345265 0.02234612 0.07980134 ... 0.06094805 0.09005196 0.09629945],2.122539897444879,2
013.png,[0.14128655 0.01881834 0.03388609 ... 0.12603581 0.15792355 0.03663823],[0.10149305 0.04363411 0.12086146 ... 0.0450859  0.1101984  0.08699602],1.991991618750359,2
013.png,[0.14028326 0.02223386 0.07832242 ... 0.09131602 0.16047956 0.02853614],[0.10149305 0.04363411 0.12086146 ... 0.0450859  0.1101984  0.08699602],1.9503524284007594,2
013.png,[0.03513485 0.43759426 0.11344677 ... 0.15096831 0.06990556 0.07365482],[0.0449217  0.29768956 0.06516927 ... 0.10306918 0.03585258 0.05006542],1.8488647261524223,2
013.png,[0.10771607 0.313713   0.03192255 ... 0.18534923 0.053741   0.07765582],[0.09592727 0.2427558  0.12261689 ... 0.07982562 0.04930402 0.0592547 ],1.9219413125057017,2
013.png,[0.17175871 0.13345776 0.0507913  ... 0.2016856  0.05725933 0.07746918],[0.05007232 0.31664675 0.05924528 ... 0.09943225 0.06602569 0.09278847],1.9547571843474034,2
013.png,[0.12770793 0.16988607 0.05932602 ... 0.1999774  0.08046055 0.07309488],[0.09110357 0.08009608 0.04957085 ... 0.07906351 0.07532772 0.09823027],1.8391116213662868,2
013.png,[0.10885887 0.18917027 0.02538693 ... 0.18822983 0.10951608 0.06267682],[0.07345265 0.02234612 0.07980134 ... 0.06094805 0.09005196 0.09629945],1.9340119577612587,2
013.png,[0.11671156 0.11671625 0.03543817 ... 0.16644289 0.1444259  0.04621499],[0.15968272 0.11105347 0.07516211 ... 0.0770819  0.10623074 0.09012751],1.8787679580261207,2
013.png,[0.11740312 0.02506132 0.07770295 ... 0.13754094 0.1647222  0.03339083],[0.15968272 0.11105347 0.07516211 ... 0.0770819  0.10623074 0.09012751],1.915963636926464,2
013.png,[0.10427747 0.22012915 0.0638325  ... 0.19093761 0.04052182 0.0711396 ],[0.08951987 0.08880467 0.12351562 ... 0.11484668 0.06329646 0.05562157],1.8444943188915344,2
013.png,[0.16734421 0.10336521 0.07237981 ... 0.20713562 0.04614189 0.07079233],[0.14950982 0.00541959 0.12328675 ... 0.08748949 0.08456746 0.0639786 ],1.8777471442845952,2
013.png,[0.19664246 0.1292291  0.04045726 ... 0.20433746 0.07170217 0.0678197 ],[0.09110357 0.08009608 0.04957085 ... 0.07906351 0.07532772 0.09823027],1.8253216866109045,2
013.png,[0.09970012 0.11710496 0.02538693 ... 0.19235297 0.10314055 0.05900159],[0.15968272 0.11105347 0.07516211 ... 0.0770819  0.10623074 0.09012751],1.6765731901946985,2
013.png,[0.09397141 0.13787653 0.06834705 ... 0.19694881 0.03396262 0.06095218],[0.13392334 0.2164545  0.03987579 ... 0.2138843  0.03013647 0.04169363],1.8214214218970306,2
013.png,[0.20547605 0.07422211 0.04222934 ... 0.21207228 0.04266498 0.06218316],[0.1456516  0.02690968 0.04354826 ... 0.09964359 0.06783185 0.0410458 ],1.8084405084803608,2
013.png,[0.22525954 0.05144806 0.03653652 ... 0.20677564 0.06964117 0.06241908],[0.11022578 0.         0.10041462 ... 0.10842483 0.03761338 0.03991987],1.7527460096902188,2
013.png,[0.15984944 0.06371601 0.03807776 ... 0.19272989 0.09943415 0.05634172],[0.15968272 0.11105347 0.07516211 ... 0.0770819  0.10623074 0.09012751],1.627971536614261,2
014.png,[0.17561972 0.04155092 0.0221427  ... 0.18273315 0.13457188 0.01965229],[0.17964663 0.06360701 0.03826372 ... 0.03004744 0.13928117 0.02083636],1.8890905428426468,2
014.png,[0.14269578 0.0849407  0.03656233 ... 0.14980999 0.16232182 0.0237636 ],[0.09631085 0.05924808 0.05947199 ... 0.03670958 0.13460812 0.02085364],2.0096444856377165,2
014.png,[0.08757429 0.3186632  0.08009326 ... 0.19327569 0.08310533 0.01093585],[0.07596374 0.20906189 0.04474425 ... 0.0819938  0.18165365 0.02556156],1.842512055571113,2
014.png,[0.14700922 0.12876654 0.         ... 0.18302208 0.1032768  0.01527818],[0.15634432 0.03139256 0.01604729 ... 0.02981614 0.16296393 0.01702358],2.1348793665436787,2
014.png,[0.1767888  0.04704196 0.         ... 0.16440573 0.13088337 0.02028292],[0.2520948  0.04616606 0.16161337 ... 0.15524848 0.2138384  0.03491144],2.1082334570767634,0
014.png,[0.15607028 0.06591141 0.04288185 ... 0.13742676 0.16592497 0.02595008],[0.29026985 0.03247042 0.0405653  ... 0.07894715 0.07182645 0.02301484],2.0785914521011666,1
014.png,[0.16250497 0.09959464 0.08038982 ... 0.10728908 0.18487549 0.03243336],[0.25247014 0.02115703 0.00097653 ... 0.19538881 0.07331127 0.03374578],1.9645697151018042,1
014.png,[0.05842242 0.3479492  0.09428478 ... 0.16140538 0.08511657 0.00981821],[0.0596182  0.18523023 0.15467523 ... 0.11663906 0.06260277 0.03973038],2.090550115762153,0
014.png,[0.11823477 0.11322469 0.06173955 ... 0.15642545 0.09857441 0.01470966],[0.19187975 0.1333209  0.07047492 ... 0.15592906 0.15392464 0.03359034],2.191012718347661,0
014.png,[0.13508643 0.05505868 0.04253886 ... 0.14357808 0.12442912 0.02045676],[0.21987525 0.12384155 0.07016038 ... 0.1655768  0.17996821 0.03249894],2.110298534765316,0
014.png,[0.16443035 0.09535716 0.06560329 ... 0.12286328 0.16268072 0.02705951],[0.21987525 0.12384155 0.07016038 ... 0.1655768  0.17996821 0.03249894],2.0818619241190275,0
014.png,[0.03137974 0.3326245  0.09880137 ... 0.1242171  0.08890976 0.00997631],[0.0596182  0.18523023 0.15467523 ... 0.11663906 0.06260277 0.03973038],2.195066835958379,0
014.png,[0.07511625 0.12833378 0.11589216 ... 0.12628272 0.09398273 0.01446859],[0.12942855 0.14340365 0.10439261 ... 0.13647713 0.13505197 0.03379251],2.09829900405764,0
014.png,[0.1258767  0.08854304 0.09959546 ... 0.1202502  0.11520915 0.02017379],[0.16512123 0.09663552 0.13123277 ... 0.16252299 0.19276103 0.03642553],2.0970047887268937,0
014.png,[0.15174276 0.10255244 0.07922626 ... 0.10611954 0.15258905 0.02709189],[0.11002153 0.16132018 0.07850357 ... 0.09516826 0.06920487 0.0133054 ],2.081875102425115,1
014.png,[0.01334373 0.30427766 0.13344315 ... 0.09759321 0.09514132 0.01086444],[0.08780323 0.14652613 0.04284606 ... 0.10587426 0.06288934 0.0080594 ],2.132922639022326,1
014.png,[0.09085293 0.16332518 0.13210043 ... 0.10409155 0.09523655 0.01398956],[0.11002153 0.16132018 0.07850357 ... 0.09516826 0.06920487 0.0133054 ],2.0797045928284548,1
014.png,[0.14809822 0.11738747 0.0964603  ... 0.10200755 0.11078113 0.01931862],[0.11002153 0.16132018 0.07850357 ... 0.09516826 0.06920487 0.0133054 ],2.028323016032874,1
014.png,[0.14997903 0.14398445 0.07981523 ... 0.09134122 0.14177506 0.02685161],[0.1752991  0.12829185 0.02186796 ... 0.16004081 0.08403826 0.0465962 ],2.0316811923565408,0
014.png,[0.07521432 0.19848683 0.14392792 ... 0.08153369 0.10381121 0.01248261],[0.08780323 0.14652613 0.04284606 ... 0.10587426 0.06288934 0.0080594 ],2.05802734024727,1
014.png,[0.18271351 0.18557924 0.07184608 ... 0.08985195 0.10233584 0.01327257],[0.13972002 0.17188051 0.05959997 ... 0.07806246 0.05205957 0.01246214],1.9672230729321494,1
014.png,[0.21336865 0.14846149 0.04497357 ... 0.08885016 0.11114502 0.01789125],[0.30365145 0.07158981 0.05126351 ... 0.0614794  0.05177872 0.02088238],1.960171788965593,1
014.png,[0.11837419 0.19649538 0.06679666 ... 0.07852833 0.13023874 0.02633866],[0.2015249  0.23718503 0.08091592 ... 0.04466723 0.1687409  0.09646778],1.907598970387141,0
014.png,[0.23840092 0.16966392 0.02687251 ... 0.07860018 0.11307281 0.01574049],[0.12936747 0.12485916 0.04414061 ... 0.08633851 0.11028503 0.0387229 ],1.9569550880467594,2
014.png,[0.23681971 0.21210423 0.0106384  ... 0.07809914 0.11517    0.02028882],[0.23953602 0.10378756 0.02224461 ... 0.05255155 0.0477187  0.02754191],1.8371862330418185,1
014.png,[0.09038856 0.06549553 0.01820587 ... 0.14957842 0.07329857 0.0543444 ],[0.07623608 0.08420859 0.         ... 0.1837565  0.09027462 0.05005367],1.9884928393741277,1
014.png,[0.22115354 0.05391562 0.01625451 ... 0.11876137 0.07686919 0.04919948],[0.24070415 0.03733645 0.00643289 ... 0.03527039 0.09631111 0.06925797],1.969755353457501,1
014.png,[0.31962517 0.05547636 0.02810625 ... 0.09028055 0.08548324 0.04730391],[0.24070415 0.03733645 0.00643289 ... 0.03527039 0.09631111 0.06925797],1.7341835599191517,1
014.png,[0.29971543 0.0699888  0.03873006 ... 0.06413601 0.09914073 0.04865767],[0.2791748  0.04677697 0.03080085 ... 0.01100652 0.10972627 0.07200856],1.5280274529849873,1
014.png,[0.18561399 0.45459303 0.02364909 ... 0.22537927 0.08595045 0.05575068],[0.22204494 0.2860548  0.01534992 ... 0.2008291  0.09984884 0.05769184],1.8978146595983412,1
014.png,[0.25716263 0.34879896 0.00699233 ... 0.22584786 0.07360739 0.05006067],[0.22204494 0.2860548  0.01534992 ... 0.2008291  0.09984884 0.05769184],1.8234723680698963,1
014.png,[0.16803059 0.13717708 0.00699233 ... 0.21730128 0.06794262 0.04942224],[0.23408237 0.09984975 0.00816442 ... 0.12147729 0.09457901 0.02356058],1.9861613993296026,0
014.png,[0.11532348 0.06477124 0.00699233 ... 0.19973955 0.06895611 0.05383537],[0.12021407 0.03602218 0.01375451 ... 0.18987197 0.08980852 0.04914106],1.937004222623403,1
006.png,[0.19754392 0.24745126 0.04263096 ... 0.12604588 0.07858577 0.04843685],[0.36811814 0.16246231 0.07677659 ... 0.07421479 0.09132476 0.15389208],1.9580946267534822,3
006.png,[0.23165408 0.1008073  0.02935589 ... 0.1542354  0.08839155 0.04812958],[0.23116365 0.11848801 0.07149501 ... 0.11409542 0.18475285 0.05846124],2.068690379071965,3
006.png,[0.32200876 0.02698131 0.05760319 ... 0.18745176 0.0972149  0.03966625],[0.28507265 0.1331735  0.10290854 ... 0.0850994  0.11625019 0.17154439],2.2118221594480096,3
006.png,[0.31551188 0.04405867 0.09813833 ... 0.21698488 0.11202306 0.03403352],[0.20821507 0.05015215 0.28678995 ... 0.10956742 0.17999007 0.0297387 ],2.053075628247517,3
006.png,[0.23105697 0.2424745  0.05761667 ... 0.12004977 0.08219846 0.04720895],[0.46557912 0.11729628 0.05612473 ... 0.08554824 0.10663065 0.15847701],2.0234444497832103,3
006.png,[0.26461112 0.05543989 0.0284844  ... 0.15112944 0.08565723 0.04695386],[0.46557912 0.11729628 0.05612473 ... 0.08554824 0.10663065 0.15847701],2.066725838313733,3
006.png,[0.2742855  0.05696958 0.02939622 ... 0.18635501 0.08705264 0.03822987],[0.31196943 0.11493111 0.14252892 ... 0.09494533 0.11714068 0.14937657],2.2298882026687292,3
006.png,[0.20869774 0.11149002 0.10497586 ... 0.21902195 0.0953413  0.03335367],[0.20821507 0.05015215 0.28678995 ... 0.10956742 0.17999007 0.0297387 ],2.0747299775397683,3
006.png,[0.18649173 0.1963408  0.16179043 ... 0.10927834 0.07945623 0.04435178],[0.38342723 0.19305119 0.11174887 ... 0.10429497 0.14943585 0.03336553],1.9716177409697684,3
006.png,[0.24091247 0.09526967 0.19975387 ... 0.17558506 0.0759316  0.03612697],[0.31196943 0.11493111 0.14252892 ... 0.09494533 0.11714068 0.14937657],2.218618130909819,3
006.png,[0.1724436  0.18576312 0.26275948 ... 0.20819223 0.07884601 0.03264196],[0.05092514 0.29914957 0.21257392 ... 0.06529424 0.12926815 0.05183908],2.272013552318133,3
006.png,[0.17464565 0.18772094 0.19600414 ... 0.09373156 0.0703591  0.03986536],[0.3523249  0.21471623 0.18652408 ... 0.10563666 0.08608823 0.1264905 ],1.9549745023779752,3
006.png,[0.17965943 0.04402099 0.20187306 ... 0.12432192 0.0674998  0.03861399],[0.40289804 0.18417642 0.08271632 ... 0.10032629 0.09784571 0.13216986],2.1389973581979964,3
006.png,[0.21942802 0.08584552 0.26502302 ... 0.1551419  0.06385179 0.03335757],[0.21795961 0.12726776 0.07431935 ... 0.10605253 0.1014677  0.11458992],2.2367204853058493,3
006.png,[0.22377189 0.16892421 0.3562677  ... 0.18449576 0.06253721 0.03189841],[0.3466742  0.04925927 0.32551998 ... 0.11472379 0.20428944 0.03526852],2.426572280283529,3
006.png,[0.17931506 0.22044566 0.1639219  ... 0.08006884 0.06189465 0.04283046],[0.3523249  0.21471623 0.18652408 ... 0.10563666 0.08608823 0.1264905 ],1.8866670599496695,3
006.png,[0.15020604 0.097111   0.15168922 ... 0.1074644  0.05926739 0.04031312],[0.2905221  0.14721736 0.04188395 ... 0.11128231 0.08950469 0.10834098],2.0747281496126737,3
006.png,[0.19369596 0.05048968 0.185615   ... 0.13382803 0.05756558 0.03634034],[0.21795961 0.12726776 0.07431935 ... 0.10605253 0.1014677  0.11458992],2.2680407462969,3
006.png,[0.19259593 0.08061939 0.25564003 ... 0.15799984 0.05458221 0.03452237],[0.17014217 0.01325603 0.05941905 ... 0.13241246 0.14286286 0.07108644],2.347579368214836,3
006.png,[0.20287152 0.18385091 0.04759414 ... 0.09058572 0.05399605 0.04887937],[0.2699721  0.10998701 0.04907057 ... 0.11841629 0.08160758 0.08699037],2.1702636526960406,3
006.png,[0.20049958 0.0540984  0.02506569 ... 0.1116434  0.05707299 0.04507528],[0.24233389 0.11340352 0.08542485 ... 0.11575636 0.0868281  0.06519373],2.2991770484317753,3
006.png,[0.16398112 0.03692346 0.08130828 ... 0.12870446 0.05498099 0.04051387],[0.18511425 0.25482744 0.09377322 ... 0.0823114  0.11527158 0.04544846],2.268287793286992,3
006.png,[0.18296024 0.25346297 0.04989992 ... 0.07267841 0.0516912  0.06084997],[0.42706633 0.1471703  0.08354317 ... 0.11219409 0.166104   0.03152889],2.173181447110122,3
006.png,[0.24381825 0.09623199 0.00498439 ... 0.08770794 0.06108011 0.05766325],[0.22517437 0.09360853 0.10910136 ... 0.10410549 0.10595541 0.04585572],2.313415126575747,3
006.png,[0.1679814  0.01324301 0.03497351 ... 0.09814587 0.06220967 0.050549  ],[0.18511425 0.25482744 0.09377322 ... 0.0823114  0.11527158 0.04544846],2.2072497115948635,3
006.png,[0.05331182 0.03154925 0.07848448 ... 0.10399218 0.05507986 0.03950721],[0.09594537 0.36513364 0.09726904 ... 0.07881813 0.12629002 0.04760048],2.2119586701882454,3
006.png,[0.22790642 0.28244108 0.07869665 ... 0.05374246 0.05235287 0.07622489],[0.34870756 0.43179    0.12846157 ... 0.2126328  0.16440353 0.03157558],2.121119655504906,3
006.png,[0.22105047 0.15166998 0.01193702 ... 0.0620217  0.06958693 0.07410426],[0.42706633 0.1471703  0.08354317 ... 0.11219409 0.166104   0.03152889],2.151281813138466,3
006.png,[0.2214602  0.02252403 0.06510817 ... 0.06632409 0.07626821 0.06462777],[0.461271   0.09459651 0.25263882 ... 0.10267358 0.17916793 0.03110749],2.2753149024151,3
006.png,[0.20252128 0.03027629 0.09022729 ... 0.06664968 0.07239667 0.04779542],[0.31021103 0.09525594 0.23629864 ... 0.09891034 0.15456092 0.03070059],2.329371347207308,3
006.png,[0.20996913 0.16578689 0.02491418 ... 0.04422124 0.07537558 0.08370077],[0.42706633 0.1471703  0.08354317 ... 0.11219409 0.166104   0.03152889],2.1017021099432096,3
006.png,[0.42615396 0.03980405 0.10828275 ... 0.04206567 0.08481968 0.05390934],[0.461271   0.09459651 0.25263882 ... 0.10267358 0.17916793 0.03110749],2.2943000869402517,3
006.png,[0.3799892  0.05606541 0.10524266 ... 0.03560274 0.08182209 0.04709125],[0.3466742  0.04925927 0.32551998 ... 0.11472379 0.20428944 0.03526852],2.3474633805512184,3
006.png,[0.28205255 0.14813712 0.04348916 ... 0.0343066  0.07844603 0.08645278],[0.2616803  0.15574624 0.12840003 ... 0.07627757 0.13809001 0.12406057],2.039956750022472,3
006.png,[0.41061857 0.05348049 0.08259985 ... 0.03282863 0.0899552  0.07635207],[0.2616803  0.15574624 0.12840003 ... 0.07627757 0.13809001 0.12406057],2.179237940690177,3
006.png,[0.5646368  0.02740454 0.11855194 ... 0.03024018 0.09234891 0.05784896],[0.55080247 0.06108075 0.17034417 ... 0.11061864 0.19075516 0.03362254],2.2354323038696267,3
006.png,[0.4707968  0.05134589 0.11897978 ... 0.02498458 0.08982989 0.04860724],[0.21335483 0.07447766 0.10580185 ... 0.22379547 0.20518279 0.04044054],2.2882518254717397,3
006.png,[0.4435818  0.01543449 0.08129744 ... 0.02565602 0.0932574  0.06078631],[0.15908495 0.02749927 0.04861278 ... 0.06825833 0.14646679 0.07393684],2.117928358390313,2
004.png,[0.03784182 0.15972543 0.06620259 ... 0.2203833  0.03722394 0.0614549 ],[0.05050238 0.3190192  0.12202196 ... 0.09382697 0.05726789 0.02555214],2.082365285965796,2
004.png,[0.05352041 0.09388578 0.05868564 ... 0.17249748 0.03742588 0.07122048],[0.12839949 0.14843568 0.04818282 ... 0.20254515 0.08889768 0.02346617],2.0778457016718286,0
004.png,[0.01629686 0.31917197 0.10996327 ... 0.22391957 0.04236991 0.0554015 ],[0.0596182  0.18523023 0.15467523 ... 0.11663906 0.06260277 0.03973038],1.8906916568756869,0
004.png,[0.04310949 0.12346067 0.15166683 ... 0.20598535 0.03822776 0.06628579],[0.15102729 0.05371087 0.07217374 ... 0.13795334 0.0536824  0.03566336],2.06061107206049,0
004.png,[0.06286766 0.04590807 0.1072264  ... 0.16463368 0.03800554 0.07907649],[0.11156441 0.09269588 0.10647856 ... 0.15371197 0.05694639 0.03314016],1.9490717436645346,0
004.png,[0.1300798  0.03827611 0.03742748 ... 0.12091406 0.03787741 0.09354956],[0.2102224  0.09387697 0.04570253 ... 0.15553324 0.04196252 0.03081752],2.001326949789231,0
004.png,[0.24769092 0.05593691 0.01892145 ... 0.07482647 0.03784337 0.10970499],[0.16088592 0.18893    0.04866483 ... 0.16112082 0.03898342 0.03121809],2.1620198930900028,0
004.png,[0.206698   0.02587714 0.01832553 ... 0.0390547  0.03582311 0.11440194],[0.2791748  0.04677697 0.03080085 ... 0.01100652 0.10972627 0.07200856],2.246702074209732,1
004.png,[0.10278294 0.02415076 0.02470491 ... 0.01359877 0.03181664 0.10764042],[0.04960292 0.05859738 0.08655804 ... 0.00376795 0.04420671 0.08265651],1.9141639992463826,0
004.png,[0.04604618 0.32623732 0.19260257 ... 0.20908102 0.05915175 0.05802452],[0.0596182  0.18523023 0.15467523 ... 0.11663906 0.06260277 0.03973038],1.9165988954435278,0
004.png,[0.04813746 0.12093646 0.18216592 ... 0.19534346 0.05662521 0.07225972],[0.13331291 0.11768932 0.11581762 ... 0.13563137 0.04801985 0.03802185],1.965236732499263,0
004.png,[0.07991999 0.10172347 0.17097911 ... 0.1593171  0.05513179 0.08880048],[0.1844028  0.16289413 0.03348051 ... 0.1557006  0.04240512 0.03229649],1.895739606172603,0
004.png,[0.20727259 0.11425976 0.04908922 ... 0.11985464 0.05319156 0.10472776],[0.16088592 0.18893    0.04866483 ... 0.16112082 0.03898342 0.03121809],1.8307096622651382,0
004.png,[0.26225173 0.08242973 0.02653832 ... 0.07695604 0.0508045  0.12004155],[0.18522236 0.19518353 0.02557935 ... 0.16255935 0.04280017 0.03113224],2.0389516383483857,0
004.png,[0.18578553 0.05009528 0.02374139 ... 0.04196352 0.04502278 0.12374537],[0.04717872 0.05985961 0.06194405 ... 0.01323368 0.09228674 0.0840483 ],1.7869259273075406,0
004.png,[0.16478708 0.36605495 0.16124013 ... 0.18421096 0.07058413 0.0427167 ],[0.07060941 0.17324382 0.21343774 ... 0.1114086  0.05178089 0.04190403],1.914469906886043,0
004.png,[0.1468843  0.1772565  0.17452495 ... 0.19261517 0.06912448 0.05632193],[0.13331291 0.11768932 0.11581762 ... 0.13563137 0.04801985 0.03802185],1.905714317930437,0
004.png,[0.10567065 0.08602549 0.17839782 ... 0.18064147 0.06711501 0.07211906],[0.1844028  0.16289413 0.03348051 ... 0.1557006  0.04240512 0.03229649],2.0391085900840897,0
004.png,[0.13754332 0.12837787 0.13092944 ... 0.14828986 0.06455572 0.0901081 ],[0.18522236 0.19518353 0.02557935 ... 0.16255935 0.04280017 0.03113224],1.9955617887822288,0
004.png,[0.23779029 0.1340922  0.07444416 ... 0.11246877 0.06140463 0.10606603],[0.18522236 0.19518353 0.02557935 ... 0.16255935 0.04280017 0.03113224],1.9013612056594853,0
004.png,[0.25427058 0.09065997 0.02209139 ... 0.07317823 0.05766173 0.11999288],[0.04717872 0.05985961 0.06194405 ... 0.01323368 0.09228674 0.0840483 ],1.6663460694953915,0
004.png,[0.13653837 0.02421813 0.02471032 ... 0.04061474 0.05048331 0.12252571],[0.04717872 0.05985961 0.06194405 ... 0.01323368 0.09228674 0.0840483 ],1.4655813141174805,0
004.png,[0.3424808  0.3199177  0.11817598 ... 0.1694799  0.07405005 0.03628916],[0.18932575 0.2883681  0.05106647 ... 0.09484813 0.0792919  0.03423405],1.9052512474508716,0
004.png,[0.28021583 0.11486294 0.12346069 ... 0.17452197 0.0722881  0.05029374],[0.16653383 0.18613547 0.06846946 ... 0.12751517 0.06823247 0.03757491],2.0384751947439277,0
004.png,[0.1816907  0.04007812 0.10474624 ... 0.16187932 0.06969718 0.0658638 ],[0.07210758 0.11240204 0.02116427 ... 0.03459864 0.14387245 0.08153536],2.0909564906275957,0
004.png,[0.15335181 0.09353689 0.12089711 ... 0.1315519  0.06627733 0.08299934],[0.0717154  0.0432206  0.03793096 ... 0.02434262 0.12024841 0.07702146],1.9698750179858149,0
004.png,[0.22474188 0.09162621 0.0588056  ... 0.09875649 0.06251661 0.09756439],[0.04717872 0.05985961 0.06194405 ... 0.01323368 0.09228674 0.0840483 ],1.7373465035000808,0
004.png,[0.30714828 0.2080455  0.0726017  ... 0.16012162 0.0725016  0.03120228],[0.19000602 0.24809662 0.04338756 ... 0.09259483 0.09095715 0.03183208],1.8572116993780563,0
004.png,[0.301922   0.07405627 0.03326101 ... 0.16099785 0.07186069 0.04505096],[0.19000602 0.24809662 0.04338756 ... 0.09259483 0.09095715 0.03183208],2.045178660888409,0
004.png,[0.16361454 0.02063089 0.04315996 ... 0.14709087 0.06945641 0.06011375],[0.0717154  0.0432206  0.03793096 ... 0.02434262 0.12024841 0.07702146],1.9890992072166518,0
004.png,[0.10160436 0.04286646 0.05465997 ... 0.11840066 0.0652888  0.07639066],[0.0717154  0.0432206  0.03793096 ... 0.02434262 0.12024841 0.07702146],1.8111177598066222,0
002.png,[0.3192411  0.16792229 0.02927831 ... 0.12960303 0.11908387 0.0269318 ],[0.25843394 0.13661335 0.04901103 ... 0.07661251 0.17875668 0.02014962],2.2742383599753593,1
002.png,[0.34217405 0.0598847  0.07443871 ... 0.13709284 0.13228741 0.02941987],[0.31145418 0.06695031 0.04881691 ... 0.11923435 0.26107347 0.09994845],2.1233462181880975,3
002.png,[0.21429633 0.17373382 0.06508446 ... 0.14135467 0.10134645 0.02353165],[0.20003548 0.07739837 0.0564764  ... 0.10747423 0.14332376 0.04621704],2.220339824259225,3
002.png,[0.24836418 0.0792267  0.07820927 ... 0.14733662 0.11528006 0.02697254],[0.20003548 0.07739837 0.0564764  ... 0.10747423 0.14332376 0.04621704],2.117886333951726,3
002.png,[0.13235202 0.13122723 0.05366091 ... 0.1467444  0.1290574  0.03202784],[0.1332843  0.27710438 0.05454899 ... 0.12035266 0.17345971 0.0258326 ],2.084880073567894,1
002.png,[0.02433302 0.2912867  0.14637399 ... 0.13957804 0.1426785  0.03869755],[0.1332843  0.27710438 0.05454899 ... 0.12035266 0.17345971 0.0258326 ],2.06402301850325,1
002.png,[0.05583401 0.22566572 0.10926806 ... 0.13728349 0.06500095 0.02137277],[0.08259514 0.35418385 0.12123971 ... 0.06735459 0.07503819 0.03805648],1.8633583583583018,3
002.png,[0.13663898 0.10228311 0.12192659 ... 0.14994836 0.08175883 0.01966679],[0.26212633 0.170869   0.09334224 ... 0.06022058 0.11694925 0.08309478],2.195977710616141,3
002.png,[0.1130806  0.2213909  0.13508011 ... 0.14207962 0.0456211  0.01739684],[0.29266107 0.28684902 0.06172547 ... 0.17616707 0.24387965 0.07307869],2.032136740398656,3
002.png,[0.24541944 0.05859804 0.08318789 ... 0.15538415 0.060321   0.0153372 ],[0.31021103 0.09525594 0.23629864 ... 0.09891034 0.15456092 0.03070059],2.1815760981642285,3
002.png,[0.24143869 0.01802318 0.13200524 ... 0.15691896 0.07328755 0.0178176 ],[0.20821507 0.05015215 0.28678995 ... 0.10956742 0.17999007 0.0297387 ],2.1274486067155216,3
002.png,[0.12437113 0.28301007 0.08052322 ... 0.14404327 0.03231178 0.01405472],[0.29266107 0.28684902 0.06172547 ... 0.17616707 0.24387965 0.07307869],2.1087605627128023,3
002.png,[0.27359653 0.08629459 0.04037189 ... 0.15682663 0.04340611 0.01172773],[0.2096842  0.1440286  0.09238245 ... 0.09915709 0.1116728  0.0502353 ],2.196435625648604,3
002.png,[0.2590493  0.02597889 0.09680176 ... 0.15542158 0.05396231 0.01345346],[0.09594537 0.36513364 0.09726904 ... 0.07881813 0.12629002 0.04760048],2.1423675487224845,3
002.png,[0.24394941 0.10651512 0.05206195 ... 0.1542758  0.03101415 0.00883837],[0.2096842  0.1440286  0.09238245 ... 0.09915709 0.1116728  0.0502353 ],2.218306660762096,3
002.png,[0.17592268 0.02662519 0.1283814  ... 0.14945318 0.0376377  0.01001269],[0.20989096 0.27287373 0.01090402 ... 0.09475584 0.1155948  0.04195596],2.2188069217695348,3
002.png,[0.19159731 0.23361972 0.05466338 ... 0.14209777 0.02689287 0.00942626],[0.22517437 0.09360853 0.10910136 ... 0.10410549 0.10595541 0.04585572],2.316872140419948,3
002.png,[0.18407822 0.01806268 0.09839003 ... 0.14608033 0.03362741 0.00801252],[0.18511425 0.25482744 0.09377322 ... 0.0823114  0.11527158 0.04544846],2.3516536621633914,3
002.png,[0.18510698 0.24187836 0.04115765 ... 0.14081322 0.03777149 0.00829427],[0.22195984 0.3061211  0.00443234 ... 0.08692309 0.07916783 0.0280982 ],2.2330067999465277,3
002.png,[0.17027983 0.00422717 0.05538425 ... 0.14530306 0.04193145 0.00745296],[0.18511425 0.25482744 0.09377322 ... 0.0823114  0.11527158 0.04544846],2.3220978242400827,3
002.png,[0.08809073 0.1375596  0.12235649 ... 0.12595046 0.05253267 0.01260156],[0.20989096 0.27287373 0.01090402 ... 0.09475584 0.1155948  0.04195596],2.3072474739210205,3
002.png,[0.10090287 0.2702882  0.01136416 ... 0.1289185  0.04873932 0.01004577],[0.28854296 0.23731536 0.02606111 ... 0.08171088 0.09269951 0.03194444],2.1834189167599423,3
002.png,[0.16182242 0.07631479 0.02379967 ... 0.13957365 0.05093532 0.00930105],[0.17556444 0.16719665 0.04524108 ... 0.08327565 0.10407475 0.04022978],2.2098137073097064,3
002.png,[0.140358   0.         0.05361832 ... 0.13423836 0.05098913 0.01208482],[0.18511425 0.25482744 0.09377322 ... 0.0823114  0.11527158 0.04544846],2.169013677808081,3
002.png,[0.07418373 0.10372223 0.16278131 ... 0.11836505 0.05857348 0.01688523],[0.09594537 0.36513364 0.09726904 ... 0.07881813 0.12629002 0.04760048],2.1250478641058685,3
002.png,[0.36017913 0.5242766  0.01328006 ... 0.06993712 0.07138516 0.02130122],[0.34870756 0.43179    0.12846157 ... 0.2126328  0.16440353 0.03157558],2.0476890692190177,3
002.png,[0.37037957 0.34444425 0.01222923 ... 0.08636467 0.07101749 0.02130945],[0.36892846 0.28983068 0.08750382 ... 0.06575587 0.10946319 0.04273418],2.2457920757052605,3
002.png,[0.30093253 0.19509071 0.01855012 ... 0.09391817 0.07004169 0.0250314 ],[0.25844538 0.15257163 0.15001103 ... 0.04630559 0.12692368 0.05536749],2.203702619960411,3
002.png,[0.26182866 0.10758345 0.05602833 ... 0.0925976  0.06845779 0.03246704],[0.25844538 0.15257163 0.15001103 ... 0.04630559 0.12692368 0.05536749],2.0445445293347833,3
